sample,x1,x2,x3,x4,x5,x6,x7,x8,x9,x10,x11,x12,x13,x14,y
1,1353,,1.142857143,88,104.85,0.00727,0.443,7.997,6.99,8346,3.9,0.032695375,0.05,C1,Low
2,1107,,4.857142857,306,194.175,0.03778,0.363,34.002,12.945,376.64,11.1,0.210526316,3.15,C3,Low
3,984,,6.571428571,368,208.575,0.0575,0.356,46,13.905,451.54,13.1,0.271929825,3.1,C1,Low
4,1107,,4.714285714,297,175.725,0.03667,0.354,33.003,11.715,393.76,10.5,0.185007974,2.85,C1,Low
5,123,,33.57142857,235,225,2.35,0.923,235,15,5805.82,21.7,0.187400319,0.4,C4,High
6,984,,0.142857143,8,225,0.00125,1,1,15,1712,0.8,0.006379585,0.05,C4,High
7,369,,77.28571429,1623,168.075,1.8033,0.71,540.99,11.205,18964.68,115.2,0.967304625,0.65,C2,High
8,1107,,11.71428571,738,207,0.09111,0.389,81.999,13.8,498.62,28.7,0.541467305,6.15,C2,Low
9,1107,,4.857142857,306,202.95,,0.412,34.002,13.53,408.74,12.6,0.220095694,3.3,C1,Low
10,37392,,66.14285714,140752,27.225,0.01523,0.063,462.992,1.815,836.74,889.8,13.62121212,113.65,C4,High
11,7134,,0.428571429,174,77.625,0.00052,0.339,3.016,5.175,12626,5.9,0.04784689,0.05,C3,High
12,984,,6.285714286,352,214.2,0.055,0.486,44,14.28,631.3,17.1,0.267145136,2.9,C2,Low
13,1107,,2.857142857,180,225,0.02222,0.461,19.998,15,554.26,8.3,0.14354067,1.6,C4,Low
14,123,,1.857142857,13,225,,0.846,13,15,1177,1.1,0.010366826,0.1,C4,High
15,123,,3.857142857,27,225,0.27,0.593,27,15,856,1.6,0.0215311,0.2,C4,Low
16,1476,,14,1176,141.075,0.08167,0.267,98.004,9.405,498.62,31.4,0.587719298,6.75,C4,Low
17,1107,0.8,5.142857143,324,200.025,0.04,0.42,36,13.335,428,13.6,0.229665072,3.4,C4,Low
18,738,,0.714285714,30,142.425,0.00833,0.233,4.998,9.495,374.5,0.7,0.015151515,0.2,C2,High
19,1230,,9,630,201.375,,0.294,63,13.425,470.8,18.5,0.449760766,4.2,C2,Low
20,4797,,10,2730,57.375,0.01795,0.09,70.005,3.825,1498,24.5,0.555821372,1.75,C4,High
21,1230,,9,630,158.625,0.063,0.233,63,10.575,361.66,14.7,0.354066986,4.35,C4,Low
22,1353,,2,154,220.725,0.01273,0.442,14.003,14.715,520.02,6.8,0.120414673,1.4,C4,Low
23,738,0.48,14.28571429,600,184.95,0.16667,0.342,100.002,12.33,365.94,20.5,0.393141946,6,C4,Low
24,1353,,16.85714286,1298,183.825,0.10727,0.26,117.997,12.255,430.14,33.8,0.846092504,8.4,C2,Low
25,123,,1.857142857,13,225,0.13,0.692,13,15,642,0.9,0.010366826,0.15,C3,High
26,738,,1.285714286,54,66.6,0.015,0.148,9,4.44,856,0.8,0.012759171,0.1,C1,High
27,123,,15.28571429,107,225,1.07,0.869,107,15,3980.4,9.3,0.085326954,0.25,C1,High
28,1107,,14.14285714,891,180.225,0.11,0.288,99,12.015,417.3,25.7,0.56937799,6.6,C2,Low
29,4059,,4,924,60.975,,0.098,27.984,4.065,1217.66,9.1,0.199362041,0.8,C1,High
30,11439,,14.85714286,9672,137.475,0.01118,0.451,103.974,9.165,909.5,436.6,4.711323764,51.4,C2,High
31,11685,0.23,13.28571429,8835,202.95,,0.675,93.005,13.53,776.82,596.6,6.354066986,82.2,C4,High
32,1107,,9,567,175.05,0.07,0.289,63,11.67,423.72,16.4,0.351674641,4.15,C1,Low
33,1353,,17.85714286,1375,180.9,0.11364,0.432,125.004,12.06,648.42,59.4,0.881180223,9.8,C3,Low
34,1476,,3.714285714,312,225,0.02167,0.221,26.004,15,342.4,6.9,0.248803828,2.15,C2,Low
35,246,,2.857142857,40,151.875,0.1,0.675,20,10.125,5778,2.7,0.0215311,0.05,C1,High
36,1230,,1.142857143,80,225,0.008,0.6,8,15,1284,4.8,0.063795853,0.4,C1,Low
37,123,,15.14285714,106,225,1.06,0.858,106,15,3246.38,9.1,0.084529506,0.3,C1,High
38,246,0.41,9.142857143,128,131.85,0.32,0.531,64,8.79,3638,6.8,0.059808612,0.2,C2,High
39,5535,,11.28571429,3555,43.875,0.01756,0.087,79.02,2.925,1029.34,30.8,0.552631579,3.2,C1,High
40,1230,,18.71428571,1310,192.6,0.131,0.487,131,12.84,629.16,63.8,0.893939394,10.85,C2,Low
41,3444,,8.714285714,1708,114.525,,0.172,61.012,7.635,421.58,29.4,0.693779904,7.45,C4,High
42,861,,4.714285714,231,189.9,0.04714,0.143,32.998,12.66,505.04,3.3,0.155502392,0.7,C1,Low
43,861,,0.142857143,7,225,0.00143,1,1.001,15,1498,0.7,0.005582137,0.05,C4,High
44,123,,9.857142857,69,225,0.69,0.841,69,15,1774.06,5.8,0.055023923,0.35,C4,High
45,1353,,1.285714286,99,172.8,0.00818,0.465,8.998,11.52,819.62,4.6,0.060606061,0.6,C2,Low
46,1107,,5.142857143,324,181.35,0.04,0.352,36,12.09,374.5,11.4,0.208133971,3.25,C4,Low
47,1107,,6.142857143,387,207.45,0.04778,0.377,43.002,13.83,481.5,14.6,0.284688995,3.25,C4,Low
48,123,,16.42857143,115,225,1.15,0.2,115,15,984.4,2.3,0.091706539,0.25,C2,High
49,984,,6.142857143,344,208.575,0.05375,0.392,43,13.905,472.94,13.5,0.254385965,3.05,C4,Low
50,1230,,18.71428571,1310,191.475,0.131,0.456,131,12.765,642,59.7,0.889154705,9.95,C4,Low
51,1107,,4.857142857,306,201.375,0.03778,0.31,34.002,13.425,344.54,9.5,0.218500797,2.95,C4,Low
52,738,,4,168,119.25,0.04667,0.143,28.002,7.95,365.94,2.4,0.070972887,0.7,C1,Low
53,1230,,0.142857143,10,225,,1,1,15,2140,1,0.007974482,0.05,C2,High
54,984,,3.285714286,184,225,0.02875,0.288,23,15,314.58,5.3,0.146730463,1.8,C1,Low
55,123,,12,84,225,0.84,0.917,84,15,4119.5,7.7,0.066985646,0.2,C3,High
56,5166,,0.142857143,42,225,0.00024,1,1.008,15,8988,4.2,0.033492823,0.05,C4,High
57,1230,0.73,1.142857143,80,196.875,0.008,0.525,8,13.125,1498,4.2,0.055821372,0.3,C2,Low
58,5166,,1,294,97.2,0.00167,0.282,7.014,6.48,466.52,8.3,0.101275917,1.9,C4,High
59,1230,,11.42857143,800,188.55,,0.308,80,12.57,432.28,24.6,0.534290271,6.1,C3,Low
60,1230,0.6,2.714285714,190,156.375,0.019,0.332,19,10.425,793.94,6.3,0.105263158,0.85,C4,Low
61,123,,1.285714286,9,225,0.09,1,9,15,1926,0.9,0.007177033,0.05,C2,High
62,1353,0.17,14.42857143,1111,173.25,0.09182,0.253,101.002,11.55,365.94,28.1,0.68261563,8.2,C1,Low
63,38253,,66.14285714,143993,36,0.01489,0.088,463.079,2.4,841.02,1263.1,18.41467305,160.6,C3,High
64,1107,,11.57142857,729,194.175,0.09,0.357,81,12.945,475.08,26,0.501594896,5.85,C1,Low
65,4428,,6.142857143,1548,41.175,0.01194,0.117,42.984,2.745,656.98,18.1,0.225677831,2.95,C1,High
66,1353,,1.142857143,88,225,,0.705,7.997,15,1896.04,6.2,0.070175439,0.35,C1,Low
67,123,,11,77,225,0.77,0.403,77,15,1106.38,3.1,0.061403509,0.3,C3,High
68,123,,28.42857143,199,225,1.99,0.99,199,15,42158,19.7,0.158692185,0.05,C4,High
69,2583,,15.14285714,2226,89.1,0.05048,0.136,106.008,5.94,425.86,30.2,0.702551834,7.6,C4,Low
70,984,,6.571428571,368,211.05,0.0575,0.315,46,14.07,380.92,11.6,0.275119617,3.25,C4,Low
71,123,,2.142857143,15,225,0.15,0.867,15,15,1391,1.3,0.011961722,0.1,C4,High
72,1230,0.93,14,980,187.875,0.098,0.379,98,12.525,475.08,37.1,0.6523126,8.35,C4,Low
73,3444,,4.428571429,868,167.625,0.01107,0.492,30.996,11.175,1602.86,42.7,0.515948963,2.85,C3,High
74,246,,3,42,225,0.105,0.452,21,15,1354.62,1.9,0.033492823,0.15,C3,High
75,123,0.54,1.571428571,11,225,0.11,0.909,11,15,2140,1,0.00877193,0.05,C4,High
76,1230,,1.142857143,80,225,0.008,0.675,8,15,1926,5.4,0.063795853,0.3,C3,Low
77,123,,4.571428571,32,225,0.32,0.469,32,15,402.32,1.5,0.025518341,0.4,C2,High
78,1599,,0.714285714,65,121.05,0.00385,0.123,5.005,8.07,1712,0.8,0.027910686,0.05,C4,High
79,1107,,11.71428571,738,166.5,0.09111,0.252,81.999,11.1,428,18.6,0.435406699,4.65,C3,Low
80,1107,,5.285714286,333,182.475,0.04111,0.39,36.999,12.165,434.42,13,0.215311005,3.2,C4,Low
81,1476,,12.14285714,1020,186.3,0.07083,0.305,84.996,12.42,415.16,31.1,0.6738437,8,C1,Low
82,1353,,1.142857143,88,225,0.00727,0.705,7.997,15,1658.5,6.2,0.070175439,0.4,C4,Low
83,1230,,15.42857143,1080,186.975,0.108,0.297,108,12.465,393.76,32.1,0.715311005,8.7,C4,Low
84,3075,,42.85714286,7500,15.975,0.12,0.065,300,1.065,8630.62,48.4,0.423444976,0.6,C4,High
85,861,,3.428571429,168,67.05,0.03429,0.101,24.003,4.47,404.46,1.7,0.039872408,0.45,C2,High
86,123,,26.57142857,186,225,1.86,0.828,186,15,1938.84,15.4,0.148325359,0.85,C4,High
87,1107,,17.57142857,1107,221.85,0.13667,0.362,123.003,14.79,560.68,40.1,0.870015949,7.65,C4,Low
88,861,,2.285714286,112,142.65,0.02286,0.241,16.002,9.51,524.3,2.7,0.05661882,0.55,C4,Low
89,984,,7.571428571,424,202.725,0.06625,0.37,53,13.515,376.64,15.7,0.304625199,4.45,C1,Low
90,123,,4.285714286,30,225,0.3,0.4,30,15,513.6,1.2,0.023923445,0.25,C4,High
91,7749,,9.428571429,4158,132.975,0.01048,0.491,66.024,8.865,9495.18,204.1,1.960127592,2.3,C1,High
92,3690,,8.571428571,1800,102.825,0.02,0.154,60,6.855,395.9,27.8,0.656299841,7.5,C4,High
93,984,,6.571428571,368,213.975,0.0575,0.391,46,14.265,395.9,14.4,0.279106858,3.9,C1,Low
94,1230,0.33,6,420,191.25,0.042,0.317,42,12.75,475.08,13.3,0.284688995,3,C4,Low
95,123,,5.714285714,40,225,,0.875,40,15,2497.38,3.5,0.031897927,0.15,C4,High
96,123,,2.428571429,17,225,0.17,0.765,17,15,695.5,1.3,0.013556619,0.2,C4,High
97,123,,1.714285714,12,225,0.12,0.583,12,15,749,0.7,0.009569378,0.1,C1,Low
98,861,,2.428571429,119,209.925,0.02429,0.412,17.003,13.995,582.08,4.9,0.088516746,0.9,C4,Low
99,1107,,1.714285714,108,225,0.01333,0.444,11.997,15,395.9,4.8,0.086124402,1.3,C1,Low
100,1107,,11.71428571,738,205.425,0.09111,0.343,81.999,13.695,432.28,25.3,0.537480064,6.25,C4,Low
101,984,,1.714285714,96,225,0.015,0.469,12,15,344.54,4.5,0.076555024,1.4,C2,Low
102,246,,76.42857143,1070,131.85,2.675,0.55,535,8.79,25209.2,58.9,0.5,0.25,C1,High
103,369,,26.14285714,549,129.825,0.61,0.488,183,8.655,6372.92,26.8,0.252791069,0.45,C4,High
104,18819,,63.14285714,67626,48.375,0.02889,0.114,442.017,3.225,1341.78,768.9,11.59330144,61.35,C4,High
105,738,,0.428571429,18,212.4,5,0.5,3000,14.16,481.5,0.9,0.013556619,0.2,C3,Low
106,1476,,1.142857143,96,225,0.00667,0.292,8.004,15,665.54,2.8,0.076555024,0.45,C1,Low
107,1107,0.76,0.142857143,9,225,0.00111,1,0.999,15,1926,0.9,0.007177033,0.05,C2,High
108,246,,9,126,114.3,0.315,0.341,63,7.62,2300.5,4.3,0.051036683,0.2,C1,High
109,1599,,1.857142857,169,101.25,0.01,0.124,13,6.75,749,2.1,0.060606061,0.3,C1,High
110,984,0.39,0.857142857,48,145.35,0.0075,0.5,6,9.69,1712,2.4,0.024720893,0.15,C2,Low
111,32103,,4.285714286,7830,20.25,0.00115,0.063,30.015,1.35,513.6,49.2,0.559011164,10.25,C1,High
112,984,,1.142857143,64,73.8,0.01,0.234,8,4.92,1070,1.5,0.016746411,0.15,C4,Low
113,3813,,15,3255,102.6,0.03387,0.242,104.997,6.84,1046.46,78.7,1.184210526,8.05,C4,High
114,4551,,10.28571429,2664,57.825,,0.12,72.002,3.855,1634.96,32.1,0.546251994,2.1,C1,High
115,123,,17.71428571,124,225,1.24,0.444,124,15,1682.04,5.5,0.098883573,0.35,C4,High
116,1476,,6.857142857,576,169.875,0.04,0.252,48,11.325,365.94,14.5,0.346889952,4.25,C1,Low
117,246,,76.71428571,1074,137.025,2.685,0.537,537,9.135,4748.66,57.7,0.5215311,1.3,C1,High
118,1107,,6.571428571,414,152.1,0.05111,0.292,45.999,10.14,410.88,12.1,0.223285486,3.15,C1,Low
119,246,,76.57142857,1072,115.2,2.68,0.505,536,7.68,38590.62,54.1,0.437799043,0.15,C3,High
120,1230,,3.142857143,220,188.1,0.022,0.336,22,12.54,586.36,7.4,0.146730463,1.35,C1,Low
121,1353,,78.85714286,6072,183.6,,0.816,552.002,12.24,1060370,495.5,3.951355662,0.05,C4,High
122,1845,,48.85714286,5130,123.3,,0.24,342,8.22,532.86,123.2,2.240829346,24.75,C2,Low
123,1230,0.2,7.571428571,530,184.275,0.053,0.294,53,12.285,383.06,15.6,0.346092504,4.35,C4,Low
124,1107,,5.857142857,369,190.35,0.04556,0.374,41.004,12.69,440.84,13.8,0.248803828,3.35,C1,Low
125,1107,0.11,17.42857143,1098,213.075,0.13556,0.339,122.004,14.205,549.98,37.2,0.829346093,7.25,C2,Low
126,1722,0.76,42.85714286,4200,136.575,0.21429,0.263,300.006,9.105,511.46,110.6,2.033492823,23.1,C3,Low
127,738,,6.142857143,258,155.25,0.07167,0.205,43.002,10.35,378.78,5.3,0.141945774,1.5,C4,Low
128,1599,,31,2821,154.35,0.16692,0.361,216.996,10.29,652.7,101.9,1.542264753,16.7,C3,Low
129,1107,,9.857142857,621,197.1,,0.343,69.003,13.14,374.5,21.3,0.433811802,6.1,C1,Low
130,4182,,16.28571429,3876,67.725,0.03353,0.105,114.002,4.515,554.26,40.6,0.929824561,7.85,C4,Low
131,3321,,0.142857143,27,225,0.00037,1,0.999,15,5778,2.7,0.0215311,0.05,C1,High
132,2829,,3.714285714,598,216,0.0113,0.278,25.99,14.4,385.2,16.6,0.457735247,4.6,C2,Low
133,12915,,0.285714286,210,119.925,0.00019,0.529,1.995,7.995,23754,11.1,0.089314195,0.05,C4,High
134,1230,,9.428571429,660,148.725,0.066,0.273,66,9.915,415.16,18,0.3476874,4.65,C4,Low
135,3936,,0.142857143,32,225,0.00031,1,0.992,15,6848,3.2,0.025518341,0.05,C1,High
136,1230,,0.285714286,20,135,0.002,0.55,2,9,2354,1.1,0.009569378,0.05,C2,High
137,984,,0.571428571,32,133.65,0.005,0.438,4,8.91,1498,1.4,0.015151515,0.1,C4,High
138,1107,,10.71428571,675,205.425,0.08333,0.373,74.997,13.695,477.22,25.2,0.49122807,5.65,C4,Low
139,615,,0.571428571,20,180,0.008,0.5,4,12,2140,1,0.012759171,0.05,C4,Low
140,984,,0.714285714,40,202.5,0.00625,0.325,5,13.5,1391,1.3,0.028708134,0.1,C1,Low
141,1107,,7.714285714,486,215.325,0.06,0.292,54,14.355,316.72,14.2,0.370813397,4.8,C4,Low
142,1353,,1.142857143,88,107.325,0.00727,0.409,7.997,7.155,7704,3.6,0.033492823,0.05,C4,Low
143,1230,,17.28571429,1210,196.425,0.121,0.37,121,13.095,515.74,44.8,0.842105263,9.3,C3,Low
144,1107,,13.85714286,873,194.175,0.10778,0.317,97.002,12.945,376.64,27.7,0.600478469,7.85,C1,Low
145,369,,16.57142857,348,83.475,0.38667,0.356,116.001,5.565,13268,12.4,0.102870813,0.1,C1,High
146,1107,,4.571428571,288,175.725,0.03556,0.302,32.004,11.715,442.98,8.7,0.179425837,2.1,C4,Low
147,123,,2,14,225,0.14,1,14,15,2996,1.4,0.011164274,0.05,C4,High
148,246,,7.428571429,104,119.025,0.26,0.231,52,7.935,321,2.4,0.043859649,0.8,C3,High
149,984,,11.85714286,664,220.275,,0.357,83,14.685,423.72,23.7,0.518341308,6,C2,Low
150,1107,,13.57142857,855,191.025,,0.284,95.004,12.735,408.74,24.3,0.578947368,6.35,C2,Low
151,1107,,6,378,205.875,0.04667,0.347,42.003,13.725,500.76,13.1,0.275917065,2.8,C3,Low
152,123,,3.142857143,22,225,0.22,0.955,22,15,4494,2.1,0.01754386,0.05,C2,High
153,1107,,6,378,209.475,0.04667,0.381,42.003,13.965,530.72,14.4,0.280701754,2.9,C1,Low
154,984,,4.714285714,264,158.625,0.04125,0.314,33,10.575,455.82,8.3,0.148325359,1.95,C2,Low
155,1230,,6.285714286,440,191.7,0.044,0.393,44,12.78,674.1,17.3,0.299043062,2.75,C3,Low
156,1353,,1.142857143,88,225,0.00727,0.602,7.997,15,1260.46,5.3,0.070175439,0.45,C2,Low
157,1107,,4.714285714,297,218.25,0.03667,0.424,33.003,14.55,395.9,12.6,0.229665072,3.4,C4,Low
158,738,,1,42,198.225,0.01167,0.429,7.002,13.215,770.4,1.8,0.029505582,0.25,C1,Low
159,1353,,6.857142857,528,87.75,0.04364,0.237,48.004,5.85,1572.9,12.5,0.164274322,0.85,C1,High
160,123,,16.71428571,117,225,1.17,0.974,117,15,8132,11.4,0.093301435,0.15,C4,High
161,1353,,0.285714286,22,143.1,0.00182,0.636,2.002,9.54,2996,1.4,0.011164274,0.05,C1,High
162,1845,0.77,0.142857143,15,225,0.00067,1,1.005,15,3210,1.5,0.011961722,0.05,C2,High
163,1230,,11.85714286,830,163.125,0.083,0.295,83,10.875,432.28,24.5,0.480063796,6.05,C2,Low
164,246,,76.85714286,1076,134.1,2.69,0.518,538,8.94,6274.48,55.7,0.511164274,0.95,C1,High
165,246,,14.14285714,198,138.6,,0.253,99,9.24,973.7,5,0.097288676,0.55,C4,High
166,2952,,2.571428571,432,84.825,0.0075,0.139,18,5.655,442.98,6,0.129984051,1.45,C1,High
167,1476,,1.142857143,96,147.6,0.00667,0.448,8.004,9.84,920.2,4.3,0.050239234,0.5,C1,Low
168,123,,7.428571429,52,225,0.52,0.981,52,15,10914,5.1,0.041467305,0.05,C1,High
169,492,,0.714285714,20,180,0.0125,0.35,5,12,498.62,0.7,0.012759171,0.15,C4,High
170,1107,,5.142857143,324,202.725,,0.506,36,13.515,605.62,16.4,0.232854864,2.9,C1,Low
171,1107,,4.857142857,306,183.825,0.03778,0.337,34.002,12.255,387.34,10.3,0.199362041,2.85,C4,Low
172,1353,,1.142857143,88,222.525,0.00727,0.727,7.997,14.835,2283.38,6.4,0.06937799,0.3,C1,Low
173,738,0.81,3,126,57.15,0.035,0.246,21,3.81,6634,3.1,0.025518341,0.05,C4,High
174,4428,,24.57142857,6192,75.825,0.04778,0.128,172.008,5.055,1035.76,79.3,1.663476874,8.2,C4,High
175,369,,66.14285714,1389,85.95,1.5433,0.296,462.99,5.73,2931.8,41.1,0.423444976,1.5,C3,High
176,369,0.95,76.57142857,1608,79.425,1.7867,0.341,536.01,5.295,13054,54.9,0.45215311,0.45,C2,High
177,1107,,3.285714286,207,221.85,0.02556,0.324,23.004,14.79,348.82,6.7,0.162679426,2.05,C2,Low
178,1107,,5.142857143,324,212.4,0.04,0.565,36,14.16,676.24,18.3,0.244019139,2.9,C4,Low
179,1353,,61,4697,128.25,0.38818,0.566,426.998,8.55,40615.06,265.7,2.133971292,0.7,C4,High
180,123,,25.71428571,180,225,1.8,0.983,180,15,18939,17.7,0.14354067,0.1,C2,High
181,1230,,18.57142857,1300,173.925,0.13,0.425,130,11.595,597.06,55.2,0.801435407,9.9,C4,Low
182,1107,,11.71428571,738,213.075,0.09111,0.32,81.999,14.205,455.82,23.6,0.557416268,5.55,C4,Low
183,1845,,4.428571429,465,104.625,0.02067,0.204,31.005,6.975,847.44,9.5,0.172248804,1.2,C1,Low
184,246,,6.571428571,92,124.65,0.23,0.511,46,8.31,10058,4.7,0.040669856,0.05,C1,High
185,11193,,40.71428571,25935,37.125,0.03132,0.158,285.012,2.475,24372.46,410,3.418660287,1.8,C1,High
186,1107,,3.142857143,198,217.125,0.02444,0.298,21.996,14.475,451.54,5.9,0.1523126,1.4,C1,Low
187,123,,3.857142857,27,225,0.27,0.259,27,15,299.6,0.7,0.0215311,0.25,C4,High
188,984,0.32,0.142857143,8,225,0.00125,1,1,15,1712,0.8,0.006379585,0.05,C4,High
189,1107,,4.571428571,288,155.475,0.03556,0.299,32.004,10.365,449.4,8.6,0.158692185,2.05,C1,Low
190,123,,1.428571429,10,225,0.1,0.9,10,15,1926,0.9,0.007974482,0.05,C4,High
191,984,0.65,12,672,214.65,,0.36,84,14.31,415.16,24.2,0.511164274,6.25,C1,Low
192,246,,14.42857143,202,167.175,0.505,0.54,101,11.145,2332.6,10.9,0.119617225,0.5,C1,High
193,1353,,3,231,130.5,0.01909,0.316,20.999,8.7,918.06,7.3,0.106858054,0.85,C4,Low
194,3075,,1.285714286,225,98.1,0.0036,0.187,9,6.54,528.58,4.2,0.07814992,0.85,C4,High
195,984,,5.714285714,320,222.975,,0.391,40,14.865,445.12,12.5,0.252791069,3,C4,Low
196,1845,,42.85714286,4500,129.6,0.2,0.252,300,8.64,505.04,113.6,2.068580542,24.05,C4,Low
197,246,,14,196,146.925,0.49,0.48,98,9.795,2011.6,9.4,0.102073365,0.5,C4,High
198,1230,0.61,7,490,216.225,0.049,0.52,49,14.415,635.58,25.5,0.375598086,4.3,C4,Low
199,1107,,1.428571429,90,117.45,0.01111,0.144,9.999,7.83,1391,1.3,0.037480064,0.1,C3,High
200,1230,,7,490,212.175,0.049,0.551,49,14.145,656.98,27,0.368421053,4.4,C1,Low
201,1107,,5.428571429,342,202.05,0.04222,0.444,37.998,13.47,579.94,15.2,0.244816587,2.8,C1,Low
202,615,,0.428571429,15,164.925,0.006,0.533,3,10.995,1712,0.8,0.00877193,0.05,C3,Low
203,984,,5.142857143,288,212.4,0.045,0.559,36,14.16,650.56,16.1,0.216905901,2.65,C1,Low
204,1230,,5.714285714,400,197.55,0.04,0.338,40,13.17,406.6,13.5,0.279904306,3.55,C2,Low
205,123,0.69,59,413,225,4.13,0.998,413,15,88168,41.2,0.329346093,0.05,C4,High
206,1107,0.11,5.285714286,333,202.05,0.04111,0.526,36.999,13.47,680.52,17.5,0.238437002,2.75,C4,Low
207,984,,6.285714286,352,213.525,0.055,0.455,44,14.235,684.8,16,0.266347687,2.5,C2,Low
208,1107,,3.428571429,216,225,,0.537,24.003,15,620.6,11.6,0.172248804,2,C4,Low
209,123,,2.285714286,16,225,0.16,1,16,15,3424,1.6,0.012759171,0.05,C2,High
210,369,,16.14285714,339,106.2,0.37667,0.41,113.001,7.08,2974.6,13.9,0.127591707,0.5,C1,High
211,123,,18.71428571,131,225,1.31,0.977,131,15,13696,12.8,0.10446571,0.1,C3,High
212,984,,10.85714286,608,203.175,0.095,0.388,76,13.545,451.54,23.6,0.437799043,5.6,C1,Low
213,123,,39.57142857,277,225,2.77,0.993,277,15,29425,27.5,0.220893142,0.1,C4,High
214,1107,,3,189,173.7,,0.429,20.997,11.58,642,8.1,0.116427432,1.35,C1,Low
215,1230,,15.42857143,1080,167.85,0.108,0.319,108,11.19,457.96,34.5,0.642743222,8.05,C4,Low
216,984,,0.428571429,24,159.3,0.00375,0.458,3,10.62,588.5,1.1,0.013556619,0.2,C2,Low
217,123,,6.428571429,45,225,0.45,0.244,45,15,295.32,1.1,0.035885167,0.4,C4,High
218,123,,2,14,225,0.14,0.929,14,15,2782,1.3,0.011164274,0.05,C1,High
219,1107,,9,567,177.075,0.07,0.298,63,11.805,430.14,16.9,0.355661882,4.2,C4,Low
220,861,,4.428571429,217,191.925,0.04429,0.221,31.003,12.795,380.92,4.8,0.147527911,1.35,C4,Low
221,246,,8.857142857,124,127.125,0.31,0.452,62,8.475,2396.8,5.6,0.055821372,0.25,C4,High
222,246,,2.571428571,36,156.15,0.09,0.667,18,10.41,5136,2.4,0.019936204,0.05,C1,High
223,123,,16.71428571,117,225,1.17,0.393,117,15,1230.5,4.6,0.093301435,0.4,C1,High
224,984,,11.85714286,664,204.3,0.10375,0.325,83,13.62,376.64,21.6,0.480861244,6.15,C1,Low
225,861,,2.571428571,126,101.7,0.02571,0.119,17.997,6.78,457.96,1.5,0.045454545,0.35,C3,Low
226,3567,,8.714285714,1769,96.975,0.02103,0.121,60.987,6.465,380.92,21.4,0.607655502,6,C4,High
227,369,,43.42857143,912,154.35,1.0133,0.555,303.99,10.29,9024.38,50.6,0.499202552,0.6,C3,High
228,1353,0.4,6.142857143,473,196.875,0.03909,0.334,42.999,13.125,528.58,15.8,0.330143541,3.2,C2,Low
229,1107,,2.428571429,153,103.05,0.01889,0.144,17.001,6.87,671.96,2.2,0.055821372,0.35,C1,High
230,10209,,44.85714286,26062,139.275,,0.282,313.989,9.285,1876.78,735.3,12.87001595,41.9,C4,High
231,12300,,7,4900,90,0.0049,0.093,49,6,378.78,45.8,1.561403509,12.95,C4,High
232,123,,28,196,225,1.96,0.98,196,15,13696,19.2,0.156299841,0.15,C2,High
233,984,0.6,11.42857143,640,198.675,0.1,0.298,80,13.245,368.08,19.1,0.450558214,5.55,C4,Low
234,123,,8.714285714,61,225,0.61,1,61,15,13054,6.1,0.048644338,0.05,C4,High
235,4551,,14.42857143,3737,156.375,,0.282,101.01,10.425,522.16,105.3,2.070175439,21.6,C4,Low
236,369,,1.571428571,33,150.075,0.03667,0.364,11.001,10.005,642,1.2,0.01754386,0.2,C3,High
237,1968,,3,336,115.875,0.01313,0.095,21.008,7.725,342.4,3.2,0.137958533,1,C1,High
238,1230,,11.85714286,830,186.075,0.083,0.266,83,12.405,449.4,22.1,0.547049442,5.25,C4,Low
239,123,,2,14,225,0.14,0.643,14,15,642,0.9,0.011164274,0.15,C2,High
240,1107,,11.57142857,729,184.275,,0.322,81,12.285,475.08,23.5,0.476076555,5.3,C4,Low
241,861,,7,343,144.225,0.07,0.297,49,9.615,445.12,10.2,0.175438596,2.45,C2,Low
242,369,,30.42857143,639,85.275,,0.318,213,5.685,2555.16,20.3,0.192982456,0.85,C1,High
243,1230,,7.571428571,530,202.5,0.053,0.34,53,13.5,389.48,18,0.380382775,4.95,C1,Low
244,615,,0.857142857,30,74.925,,0.333,6,4.995,2140,1,0.007974482,0.05,C4,Low
245,123,,12.14285714,85,225,0.85,0.882,85,15,2675,7.5,0.067783094,0.3,C4,High
246,861,,16.57142857,812,177.3,0.16571,0.262,115.997,11.82,393.76,21.3,0.510366826,5.8,C4,Low
247,3813,,10.14285714,2201,66.6,0.0229,0.159,70.99,4.44,2202.06,35,0.519138756,1.7,C4,High
248,246,0.4,6.857142857,96,152.325,0.24,0.625,48,10.155,6420,6,0.051834131,0.1,C3,High
249,123,0.92,10.42857143,73,225,0.73,0.616,73,15,802.5,4.5,0.058213716,0.6,C1,High
250,1230,,14.42857143,1010,192.375,0.101,0.442,101,12.825,624.88,44.6,0.688995215,7.65,C3,Low
251,1230,,16.85714286,1180,167.625,0.118,0.277,118,11.175,432.28,32.7,0.700956938,8.1,C4,Low
252,1107,,0.142857143,9,225,0.00111,1,0.999,15,1926,0.9,0.007177033,0.05,C1,High
253,123,,27.57142857,193,225,1.93,0.57,193,15,635.58,11,0.153907496,1.85,C1,High
254,123,,7.714285714,54,225,0.54,0.944,54,15,3638,5.1,0.043062201,0.15,C4,High
255,1230,,18.71428571,1310,190.125,0.131,0.439,131,12.675,597.06,57.5,0.88277512,10.3,C1,Low
256,861,,14.28571429,700,191.025,,0.411,100.002,12.735,391.62,28.8,0.473684211,7.85,C4,Low
257,615,,0.714285714,25,117,0.01,0.4,5,7.8,2140,1,0.010366826,0.05,C2,Low
258,246,,2.428571429,34,225,0.085,0.324,17,15,588.5,1.1,0.027113238,0.2,C3,Low
259,1230,,5.428571429,380,200.7,0.038,0.434,38,13.38,618.46,16.5,0.270334928,2.85,C1,Low
260,246,,6.571428571,92,171.225,0.23,0.587,46,11.415,3852,5.4,0.055821372,0.15,C1,High
261,3321,,0.571428571,108,150.075,0.00148,0.333,3.996,10.005,549.98,3.6,0.057416268,0.7,C1,High
262,1476,,1.714285714,144,220.275,,0.306,12,14.685,361.66,4.4,0.112440191,1.3,C1,Low
263,1353,,1,77,225,0.00636,0.468,6.996,15,770.4,3.6,0.061403509,0.5,C4,Low
264,738,,5.571428571,234,44.325,0.065,0.192,39,2.955,9630,4.5,0.036682616,0.05,C1,High
265,123,,2,14,225,0.14,0.643,14,15,963,0.9,0.011164274,0.1,C3,High
266,1107,,13.85714286,873,211.275,0.10778,0.455,97.002,14.085,487.92,39.7,0.653907496,8.7,C4,Low
267,1230,0.59,11.57142857,810,182.25,0.081,0.279,81,12.15,451.54,22.6,0.523125997,5.35,C4,Low
268,1476,,8,672,186.075,0.04667,0.256,56.004,12.405,432.28,17.2,0.44338118,4.25,C4,Low
269,984,,9.142857143,512,192.825,0.08,0.301,64,12.855,413.02,15.4,0.350079745,4,C4,Low
270,1107,0.32,9.142857143,576,207,0.07111,0.302,63.999,13.8,423.72,17.4,0.422647528,4.4,C4,Low
271,1476,,12.85714286,1080,161.1,0.075,0.183,90,10.74,410.88,19.8,0.616427432,5.15,C3,Low
272,1107,,13.28571429,837,201.375,0.10333,0.259,92.997,13.425,372.36,21.7,0.597288676,6.25,C4,Low
273,1599,,16.57142857,1508,148.05,,0.279,115.999,9.87,492.2,42.1,0.791068581,9.15,C4,Low
274,3075,,24.14285714,4225,213.075,0.0676,0.215,169,14.205,335.98,90.7,3.189792663,28.95,C2,High
275,123,,1.142857143,8,225,0.08,1,8,15,1712,0.8,0.006379585,0.05,C3,High
276,1107,,2.857142857,180,173.7,0.02222,0.339,19.998,11.58,372.36,6.1,0.110845295,1.75,C1,Low
277,246,,63.71428571,892,135.675,2.23,0.439,446,9.045,3813.48,39.2,0.429027113,1.1,C1,High
278,1107,,5.857142857,369,174.375,0.04556,0.298,41.004,11.625,406.6,11,0.228070175,2.9,C3,Low
279,123,,7.428571429,52,225,0.52,0.962,52,15,5350,5,0.041467305,0.1,C4,High
280,984,,5.714285714,320,224.325,0.05,0.456,40,14.955,577.8,14.6,0.254385965,2.7,C4,Low
281,3321,,0.571428571,108,168.75,0.00148,0.38,3.996,11.25,547.84,4.1,0.064593301,0.8,C4,High
282,369,,71.42857143,1500,94.725,1.6667,0.373,500.01,6.315,4125.92,55.9,0.503987241,1.45,C4,High
283,123,,2.714285714,19,225,0.19,0.684,19,15,926.62,1.3,0.015151515,0.15,C3,High
284,1107,,1.714285714,108,225,0.01333,0.426,11.997,15,350.96,4.6,0.086124402,1.4,C4,Low
285,3813,,5.285714286,1147,124.875,0.01194,0.189,37.014,8.325,442.98,21.7,0.507974482,5.25,C4,High
286,615,,5,175,186.525,0.07,0.2,35,12.435,937.32,3.5,0.115629984,0.4,C2,Low
287,492,0.67,0.714285714,20,180,,0.35,5,12,498.62,0.7,0.012759171,0.15,C1,High
288,1353,,14.42857143,1111,191.025,0.09182,0.267,101.002,12.735,368.08,29.7,0.75199362,8.65,C3,Low
289,1230,,1.142857143,80,157.5,0.008,0.4,8,10.5,856,3.2,0.044657097,0.4,C1,Low
290,1353,,1.142857143,88,225,0.00727,0.25,7.997,15,522.16,2.2,0.070175439,0.45,C4,Low
291,1599,,15.14285714,1378,154.8,0.08154,0.306,106.002,10.32,507.18,42.2,0.755980861,8.9,C3,Low
292,1230,,11.14285714,780,192.6,0.078,0.381,78,12.84,539.28,29.7,0.532695375,5.9,C1,Low
293,123,,16.28571429,114,225,1.14,0.939,114,15,4579.6,10.7,0.090909091,0.25,C4,High
294,123,,36.71428571,257,225,2.57,1,257,15,54998,25.7,0.204944179,0.05,C3,High
295,1353,,9.285714286,715,197.325,0.05909,0.39,64.999,13.155,558.54,27.9,0.5,5.35,C2,Low
296,12054,,0.428571429,294,109.35,0.00031,0.48,3.038,7.29,30174,14.1,0.114035088,0.05,C1,High
297,1107,,1.285714286,81,180.45,0.01,0.383,9,12.03,509.32,3.1,0.051834131,0.65,C4,Low
298,1230,,5.428571429,380,201.825,0.038,0.439,38,13.455,605.62,16.7,0.271929825,2.95,C4,Low
299,984,,10.71428571,600,204.75,0.09375,0.415,75,13.65,507.18,24.9,0.435406699,5.25,C4,Low
300,123,,2.142857143,15,225,0.15,0.867,15,15,2782,1.3,0.011961722,0.05,C1,High
301,123,,6.142857143,43,225,0.43,0.907,43,15,2086.5,3.9,0.034290271,0.2,C4,High
302,984,,6.714285714,376,198,0.05875,0.362,47,13.2,428,13.6,0.263955343,3.4,C1,Low
303,6519,,0.142857143,53,225,0.00019,1,1.007,15,11342,5.3,0.042264753,0.05,C4,High
304,7872,,10.42857143,4672,100.125,,0.403,73.024,6.675,15489.32,188.2,1.656299841,1.3,C1,High
305,123,,1.571428571,11,225,0.11,1,11,15,2354,1.1,0.00877193,0.05,C4,High
306,1476,,1.142857143,96,112.5,0.00667,0.479,8.004,7.5,9844,4.6,0.038277512,0.05,C4,Low
307,1230,,9.428571429,660,175.5,0.066,0.324,66,11.7,481.5,21.4,0.410685805,4.75,C4,Low
308,123,,21.14285714,148,225,,0.986,148,15,15622,14.6,0.118022329,0.1,C4,High
309,123,,2,14,225,0.14,1,14,15,2996,1.4,0.011164274,0.05,C2,High
310,1107,,5.285714286,333,216.9,0.04111,0.453,36.999,14.46,577.8,15.1,0.255980861,2.8,C3,Low
311,123,,9.285714286,65,225,0.65,0.646,65,15,642,4.2,0.051834131,0.7,C1,High
312,123,,1.428571429,10,225,0.1,0.8,10,15,856,0.8,0.007974482,0.1,C1,High
313,1353,,1.142857143,88,225,0.00727,0.58,7.997,15,1091.4,5.1,0.070175439,0.5,C2,Low
314,1107,,14.14285714,891,185.85,0.11,0.312,99,12.39,462.24,27.8,0.58692185,6.45,C4,Low
315,3075,,16.85714286,2950,167.625,0.0472,0.268,118,11.175,432.28,79.1,1.752791069,19.6,C2,Low
316,1353,,1.142857143,88,191.7,0.00727,0.511,7.997,12.78,1926,4.5,0.059808612,0.25,C1,Low
317,984,,2,112,225,0.0175,0.143,14,15,571.38,1.6,0.089314195,0.3,C3,Low
318,615,,0.428571429,15,135,,0.467,3,9,749,0.7,0.007177033,0.1,C1,High
319,1353,,3.714285714,286,199.8,0.02364,0.283,26.004,13.32,468.66,8.1,0.202551834,1.85,C4,Low
320,1230,,3,210,170.325,0.021,0.348,21,11.355,678.38,7.3,0.126794258,1.15,C1,Low
321,615,,40,1400,176.85,0.56,0.78,280,11.79,33384,109.2,0.877192982,0.35,C4,High
322,861,,4.142857143,203,182.925,0.04143,0.266,29.001,12.195,577.8,5.4,0.131578947,1,C4,Low
323,1230,,11.28571429,790,198,0.079,0.385,79,13.2,455.82,30.4,0.554226475,7.15,C1,Low
324,123,,24.57142857,172,225,1.72,0.465,172,15,222.56,8,0.137161085,3.85,C4,High
325,1107,,4.714285714,297,174.15,0.03667,0.259,33.003,11.61,357.38,7.7,0.183413078,2.3,C1,Low
326,1107,,1.714285714,108,225,0.01333,0.426,11.997,15,340.26,4.6,0.086124402,1.45,C1,Low
327,1353,0.11,16.85714286,1298,179.55,0.10727,0.29,117.997,11.97,425.86,37.6,0.8261563,9.45,C4,Low
328,1107,,12.85714286,810,176.85,0.1,0.26,90,11.79,466.52,21.1,0.507974482,4.85,C1,Low
329,861,,6.571428571,322,68.4,0.06571,0.177,45.997,4.56,1741.96,5.7,0.07814992,0.35,C4,High
330,615,,4.428571429,155,219.15,0.062,0.239,31,14.61,440.84,3.7,0.120414673,0.9,C2,Low
331,1107,0.14,17.28571429,1089,183.825,0.13444,0.356,120.996,12.255,470.8,38.8,0.709728868,8.8,C4,Low
332,20418,,67.42857143,78352,123.075,0.02843,0.359,471.938,8.205,3663.68,2809.3,34.14752791,82.05,C1,High
333,123,,1,7,225,0.07,1,7,15,1498,0.7,0.005582137,0.05,C4,High
334,1107,,0.142857143,9,225,,1,0.999,15,1926,0.9,0.007177033,0.05,C1,High
335,861,,0.142857143,7,225,0.00143,1,1.001,15,1498,0.7,0.005582137,0.05,C3,High
336,1107,,6.714285714,423,212.175,0.05222,0.404,46.998,14.145,425.86,17.1,0.318181818,4.3,C1,Low
337,1107,,10.85714286,684,178.875,0.08444,0.358,75.996,11.925,468.66,24.5,0.433811802,5.6,C4,Low
338,123,,39.71428571,278,225,,0.946,278,15,6253.08,26.3,0.22169059,0.45,C4,High
339,123,,2.714285714,19,225,0.19,0.632,19,15,856,1.2,0.015151515,0.15,C4,High
340,861,,5,245,196.425,0.05,0.453,35,13.095,528.58,11.1,0.170653907,2.25,C4,Low
341,984,,5,280,199.35,0.04375,0.379,35,13.29,355.24,10.6,0.197767145,3.2,C3,Low
342,615,,0.285714286,10,202.5,0.004,0.9,2,13.5,1926,0.9,0.007177033,0.05,C3,High
343,123,,4.714285714,33,225,0.33,1,33,15,7062,3.3,0.026315789,0.05,C3,High
344,123,,30.57142857,214,225,2.14,1,214,15,45796,21.4,0.170653907,0.05,C2,High
345,984,,3.714285714,208,213.075,,0.375,26,14.205,378.78,7.8,0.157097289,2.2,C4,Low
346,2214,,0.142857143,18,225,0.00056,1,1.008,15,3852,1.8,0.014354067,0.05,C1,High
347,984,,0.857142857,48,182.925,0.0075,0.583,6,12.195,1498,2.8,0.031100478,0.2,C4,Low
348,123,,10.85714286,76,225,,0.961,76,15,7811,7.3,0.060606061,0.1,C3,High
349,861,,0.285714286,14,160.65,0.00286,0.643,2.002,10.71,1926,0.9,0.007974482,0.05,C4,High
350,123,,9,63,225,0.63,0.587,63,15,494.34,3.7,0.050239234,0.8,C4,High
351,1107,,9.142857143,576,218.25,,0.299,63.999,14.55,387.34,17.2,0.445773525,4.75,C1,Low
352,4182,,3.857142857,918,124.65,0.00794,0.219,26.996,8.31,661.26,20.1,0.405901116,3.25,C4,High
353,1230,,14.28571429,1000,204.75,0.1,0.436,100,13.65,541.42,43.6,0.725677831,8.6,C4,Low
354,1107,,3.142857143,198,184.05,0.02444,0.288,21.996,12.27,530.72,5.7,0.129186603,1.15,C2,Low
355,123,,18,126,225,1.26,0.992,126,15,26750,12.5,0.100478469,0.05,C4,High
356,123,,22.71428571,159,225,1.59,0.994,159,15,33812,15.8,0.126794258,0.05,C4,High
357,984,,2.142857143,120,153.675,0.01875,0.258,15,10.245,830.32,3.1,0.06539075,0.4,C1,Low
358,1353,0.17,1,77,108.225,0.00636,0.468,6.996,7.215,7704,3.6,0.029505582,0.05,C2,Low
359,1353,,1.285714286,99,143.1,0.00818,0.475,8.998,9.54,3353.38,4.7,0.050239234,0.15,C1,Low
360,1230,,21.71428571,1520,175.05,0.152,0.297,152,11.67,464.38,45.2,0.942583732,10.4,C3,Low
361,861,,0.285714286,14,209.025,0.00286,0.643,2.002,13.935,481.5,0.9,0.010366826,0.2,C2,Low
362,1107,,11.42857143,720,197.55,0.08889,0.333,80.001,13.17,432.28,24,0.503987241,5.95,C4,Low
363,1476,,32.85714286,2760,128.25,0.19167,0.164,230.004,8.55,744.72,45.3,1.253588517,6.5,C1,Low
364,1107,,0.142857143,9,225,,1,0.999,15,1926,0.9,0.007177033,0.05,C4,High
365,1353,,1.142857143,88,225,0.00727,0.261,7.997,15,447.26,2.3,0.070175439,0.55,C4,Low
366,615,,1,35,192.825,0.014,0.429,7,12.855,1070,1.5,0.023923445,0.15,C3,Low
367,246,,2.285714286,32,119.475,0.08,0.25,16,7.965,571.38,0.8,0.013556619,0.15,C3,High
368,10209,,21.28571429,12367,106.2,0.01795,0.388,148.985,7.08,6156.78,480.4,4.655502392,8.35,C1,High
369,1107,,5.285714286,333,181.8,0.04111,0.381,36.999,12.12,438.7,12.7,0.214513557,3.1,C4,Low
370,1107,,14.14285714,891,184.05,0.11,0.27,99,12.27,413.02,24.1,0.581339713,6.25,C4,Low
371,615,,0.857142857,30,164.925,0.012,0.433,6,10.995,2782,1.3,0.01754386,0.05,C4,Low
372,1230,0.15,6.714285714,470,141.3,0.047,0.336,47,9.42,483.64,15.8,0.235247209,3.5,C1,Low
373,23001,,19.57142857,25619,222.975,0.00733,0.899,137.071,14.865,6268.06,2302.5,20.25518341,39.3,C4,High
374,246,,33.71428571,472,155.025,,0.566,236,10.335,2197.78,26.7,0.259170654,1.3,C1,High
375,123,,5,35,225,0.35,0.857,35,15,2140,3,0.027910686,0.15,C1,High
376,1107,,0.142857143,9,225,0.00111,1,0.999,15,1926,0.9,0.007177033,0.05,C4,High
377,1107,,2.714285714,171,171,,0.292,18.999,11.4,562.82,5,0.103668262,0.95,C1,Low
378,1230,0.11,3,210,189.675,0.021,0.329,21,12.645,547.84,6.9,0.141148325,1.35,C4,Low
379,21894,,20,24920,146.025,0.00787,0.574,140.086,9.735,4605.28,1429.2,12.90031898,33.2,C1,High
380,1353,,11,847,196.65,0.07,0.345,77,13.11,520.02,29.2,0.590111643,6,C4,Low
381,123,,6.285714286,44,225,0.44,0.909,44,15,4280,4,0.035087719,0.1,C3,High
382,1107,0.74,11.57142857,729,206.1,0.09,0.328,81,13.74,436.56,23.9,0.532695375,5.85,C4,Low
383,1230,,14.28571429,1000,207.9,0.1,0.444,100,13.86,564.96,44.4,0.736842105,8.4,C3,Low
384,984,0.27,1.142857143,64,77.4,0.01,0.203,8,5.16,926.62,1.3,0.01754386,0.15,C1,Low
385,492,,2.142857143,60,180,0.0375,0.267,15,12,856,1.6,0.038277512,0.2,C4,Low
386,123,,4,28,225,0.28,0.964,28,15,5778,2.7,0.022328549,0.05,C4,High
387,123,,6.428571429,45,225,0.45,0.933,45,15,4494,4.2,0.035885167,0.1,C1,High
388,1230,,1,70,135,0.007,0.157,7,9,335.98,1.1,0.033492823,0.35,C4,High
389,861,,2.428571429,119,130.5,0.02429,0.227,17.003,8.7,577.8,2.7,0.055023923,0.5,C4,Low
390,1107,,11.71428571,738,210.375,0.09111,0.247,81.999,14.025,447.26,18.2,0.550239234,4.35,C4,Low
391,123,,10.71428571,75,225,0.75,0.92,75,15,2461,6.9,0.059808612,0.3,C4,High
392,1230,,14,980,198.225,0.098,0.448,98,13.215,586.36,43.9,0.688197767,8,C1,Low
393,246,0.05,3.142857143,44,194.4,0.11,0.705,22,12.96,3317,3.1,0.03030303,0.1,C3,High
394,123,,10,70,225,0.7,1,70,15,14980,7,0.055821372,0.05,C3,High
395,2091,,0.142857143,17,225,0.00059,1,1.003,15,3638,1.7,0.013556619,0.05,C1,High
396,738,,0.714285714,30,225,0.00833,0.367,4.998,15,470.8,1.1,0.023923445,0.25,C4,High
397,1353,,14.28571429,1100,198.45,0.09091,0.456,100.001,13.23,650.56,50.2,0.773524721,8.25,C1,Low
398,861,,8.285714286,406,189.45,0.08286,0.212,58.002,12.63,483.64,8.6,0.272727273,1.9,C1,Low
399,246,,76.57142857,1072,154.35,2.68,0.586,536,10.29,4635.24,62.8,0.586124402,1.45,C3,High
400,1353,,1,77,225,0.00636,0.597,6.996,15,1230.5,4.6,0.061403509,0.4,C1,Low
401,1230,,14.28571429,1000,196.65,,0.449,100,13.11,603.48,44.9,0.696969697,7.95,C4,Low
402,2091,,48.71428571,5797,224.55,0.20059,0.935,341.003,14.97,7785.32,542,4.612440191,7.45,C1,High
403,123,,10,70,225,,0.943,70,15,4708,6.6,0.055821372,0.15,C1,High
404,1968,,0.571428571,64,119.475,0.0025,0.156,4,7.965,1070,1,0.027113238,0.1,C3,High
405,1107,,1,63,153.675,0.00778,0.349,7.002,10.245,470.8,2.2,0.034290271,0.5,C1,Low
406,615,,1.142857143,40,225,0.016,0.55,8,15,522.16,2.2,0.031897927,0.45,C4,Low
407,738,,2.428571429,102,185.4,0.02833,0.275,16.998,12.36,428,2.8,0.066985646,0.7,C2,Low
408,984,,7.714285714,432,199.575,0.0675,0.35,54,13.305,372.36,15.1,0.305422648,4.35,C4,Low
409,1107,,4.571428571,288,223.425,0.03556,0.413,32.004,14.895,368.08,11.9,0.228070175,3.45,C2,Low
410,1107,,17.42857143,1098,216.225,0.13556,0.378,122.004,14.415,584.22,41.5,0.841307815,7.6,C4,Low
411,1107,,2.857142857,180,125.1,0.02222,0.261,19.998,8.34,502.9,4.7,0.079744817,1,C1,Low
412,1599,,62.85714286,5720,156.6,0.33846,0.255,439.998,10.44,466.52,145.9,3.176236045,33.45,C2,Low
413,1230,0.09,4.857142857,340,203.85,0.034,0.421,34,13.59,430.14,14.3,0.245614035,3.55,C2,Low
414,984,,7.142857143,400,180,,0.253,50,12,492.2,10.1,0.255183413,2.2,C2,Low
415,1230,,4.142857143,290,128.7,0.029,0.221,29,8.58,761.84,6.4,0.132376396,0.9,C3,Low
416,6765,,6.857142857,2640,81.9,0.00873,0.142,48.015,5.46,911.64,37.5,0.765550239,4.4,C4,High
417,1722,,48.57142857,4760,133.2,0.24286,0.259,340.004,8.88,524.3,123.2,2.24800638,25.15,C4,Low
418,2583,,0.571428571,84,144.675,0.0019,0.31,3.99,9.645,793.94,2.6,0.043062201,0.35,C2,High
419,984,,10.14285714,568,174.6,0.08875,0.329,71,11.64,391.62,18.7,0.351674641,5.1,C4,Low
420,123,,2,14,225,0.14,1,14,15,2996,1.4,0.011164274,0.05,C1,High
421,1599,,0.142857143,13,225,0.00077,1,1.001,15,2782,1.3,0.010366826,0.05,C1,High
422,615,,1.714285714,60,60.075,0.024,0.133,12,4.005,856,0.8,0.012759171,0.1,C3,High
423,123,,2.428571429,17,225,0.17,1,17,15,3638,1.7,0.013556619,0.05,C4,High
424,246,,76.71428571,1074,147.375,2.685,0.556,537,9.825,5324.32,59.7,0.561403509,1.2,C2,High
425,1353,0.09,0.142857143,11,225,0.00091,1,1.001,15,2354,1.1,0.00877193,0.05,C4,High
426,1107,,11.57142857,729,208.575,0.09,0.348,81,13.905,472.94,25.4,0.53907496,5.75,C4,Low
427,1476,,24,2016,161.775,,0.255,168,10.785,449.4,51.5,1.155502392,12.25,C1,Low
428,861,,2,98,222.75,,0.327,14,14.85,571.38,3.2,0.077352472,0.6,C3,Low
429,52890,,0.714285714,2150,49.725,0.00012,0.216,5.16,3.315,9951,46.5,0.378787879,0.5,C4,High
430,1107,,6.714285714,423,213.3,0.05222,0.492,46.998,14.22,517.88,20.8,0.319776715,4.3,C4,Low
431,10209,,46.57142857,27058,150.975,0.03928,0.286,326.024,10.065,1615.7,774.1,14.47288676,51.25,C1,High
432,984,,6.714285714,376,201.6,0.05875,0.324,47,13.44,466.52,12.2,0.268740032,2.8,C4,Low
433,246,,59.28571429,830,130.05,,0.505,415,8.67,3586.64,41.9,0.38277512,1.25,C4,High
434,1107,,1.285714286,81,194.4,0.01,0.16,9,12.96,348.82,1.3,0.055821372,0.4,C4,Low
435,2952,,48.57142857,8160,105.3,0.14167,0.211,340.008,7.02,571.38,171.8,3.04784689,32.15,C4,Low
436,369,,76.71428571,1611,91.125,1.79,0.345,537,6.075,4759.36,55.6,0.519936204,1.25,C3,High
437,1476,,10.42857143,876,132.975,0.06083,0.257,72.996,8.865,457.96,22.5,0.41307815,5.25,C1,Low
438,615,,1,35,147.825,0.014,0.4,7,9.855,498.62,1.4,0.018341308,0.3,C4,Low
439,1107,,11.14285714,702,201.6,,0.329,78.003,13.44,449.4,23.1,0.501594896,5.5,C4,Low
440,123,,23,161,225,,0.41,161,15,218.28,6.6,0.128389155,3.25,C4,High
441,4551,,0.142857143,37,225,0.00027,1,0.999,15,7918,3.7,0.029505582,0.05,C4,High
442,14514,,15,12390,23.625,0.0089,0.052,105.02,1.575,712.62,64.2,1.033492823,9.65,C4,High
443,615,,2.428571429,85,209.025,0.034,0.471,17,13.935,502.9,4,0.062998405,0.85,C3,Low
444,738,,1,42,155.25,,0.238,7.002,10.35,2140,1,0.023125997,0.05,C4,High
445,984,,5.857142857,328,209.925,,0.335,41,13.995,445.12,11,0.244019139,2.65,C4,Low
446,1107,,13.57142857,855,162.675,0.10556,0.285,95.004,10.845,449.4,24.4,0.492822967,5.8,C4,Low
447,1476,,0.285714286,24,150.075,0.00167,0.625,2.004,10.005,3210,1.5,0.012759171,0.05,C3,High
448,1230,,79,5530,198.9,0.553,0.797,553,13.26,4558.2,440.9,3.899521531,10.35,C4,High
449,1476,,14.57142857,1224,180.9,0.085,0.257,102,12.06,378.78,31.5,0.784688995,8.9,C3,Low
450,492,,4.571428571,128,225,0.08,0.313,32,15,451.54,4,0.102073365,0.95,C2,Low
451,246,0.09,2.571428571,36,187.425,0.09,0.806,18,12.495,6206,2.9,0.023923445,0.05,C4,High
452,1476,0.19,0.142857143,12,225,0.00083,1,0.996,15,2568,1.2,0.009569378,0.05,C4,High
453,1476,,8.714285714,732,167.85,0.05083,0.251,60.996,11.19,378.78,18.4,0.435406699,5.2,C2,Low
454,984,,18.85714286,1056,193.725,0.165,0.31,132,12.915,393.76,32.7,0.724880383,8.9,C1,Low
455,1107,,14.28571429,900,204.3,0.11111,0.463,99.999,13.62,624.88,41.7,0.651515152,7.15,C3,Low
456,246,,76.42857143,1070,138.15,2.675,0.564,535,9.21,8602.8,60.3,0.523923445,0.75,C3,High
457,1107,,11.28571429,711,202.275,,0.343,79.002,13.485,470.8,24.4,0.509569378,5.55,C1,Low
458,1107,,3,189,215.55,0.02333,0.497,20.997,14.37,774.68,9.4,0.144338118,1.3,C3,Low
459,1353,,1.285714286,99,163.575,0.00818,0.384,8.998,10.905,813.2,3.8,0.057416268,0.5,C1,Low
460,1353,,12,924,153.225,0.07636,0.251,83.996,10.215,378.78,23.2,0.501594896,6.55,C3,Low
461,1107,,6.714285714,423,194.625,0.05222,0.371,46.998,12.975,588.5,15.7,0.291866029,2.85,C1,Low
462,1107,,5.714285714,360,200.025,0.04444,0.386,39.996,13.335,522.16,13.9,0.255183413,2.85,C1,Low
463,2214,,48.85714286,6156,201.825,0.19,0.847,342,13.455,9304.72,521.7,4.403508772,6,C1,High
464,738,,6.571428571,276,180.9,0.07667,0.217,46.002,12.06,428,6,0.177033493,1.5,C4,Low
465,1107,0.41,6.571428571,414,188.55,0.05111,0.29,45.999,12.57,466.52,12,0.276714514,2.75,C4,Low
466,123,,2.857142857,20,225,0.2,0.55,20,15,295.32,1.1,0.015948963,0.4,C1,High
467,369,,18.42857143,387,84.825,0.43,0.305,129,5.655,2525.2,11.8,0.116427432,0.5,C4,High
468,246,,14.28571429,200,113.625,0.5,0.46,100,7.575,2461,9.2,0.080542265,0.4,C3,High
469,1230,,1.714285714,120,225,0.012,0.367,12,15,361.66,4.4,0.09569378,1.3,C4,Low
470,1476,,16.71428571,1404,151.425,0.0975,0.22,117,10.095,359.52,30.9,0.753588517,9.2,C4,Low
471,123,,4.142857143,29,225,0.29,1,29,15,6206,2.9,0.023125997,0.05,C2,High
472,984,,5.857142857,328,216.675,0.05125,0.351,41,14.445,410.88,11.5,0.25199362,3,C4,Low
473,984,0.93,2.571428571,144,182.925,0.0225,0.215,18,12.195,509.32,3.1,0.093301435,0.65,C1,Low
474,369,,67.14285714,1410,87.075,1.5667,0.352,470.01,5.805,5054.68,49.6,0.43460925,1.05,C1,High
475,123,,2.285714286,16,225,0.16,0.938,16,15,3210,1.5,0.012759171,0.05,C4,High
476,1230,0.74,4.714285714,330,194.4,0.033,0.367,33,12.96,417.3,12.1,0.227272727,3.1,C1,Low
477,984,,1,56,96.525,0.00875,0.321,7,6.435,1284,1.8,0.019138756,0.15,C4,Low
478,123,,15.14285714,106,225,1.06,0.434,106,15,218.28,4.6,0.084529506,2.25,C4,High
479,1107,,6.428571429,405,201.6,0.05,0.447,45,13.44,691.22,18.1,0.289473684,2.8,C1,Low
480,984,,7.571428571,424,201.15,0.06625,0.33,53,13.41,348.82,14,0.302232855,4.3,C1,Low
481,1353,,14.28571429,1100,198.45,0.09091,0.473,100.001,13.23,704.06,52,0.773524721,7.9,C3,Low
482,3936,0.25,50,11200,90.45,0.10938,0.142,350.016,6.03,847.44,158.8,3.586124402,20.05,C4,High
483,1230,,12.28571429,860,189.9,0.086,0.326,86,12.66,395.9,28,0.578947368,7.55,C4,Low
484,1353,,13.71428571,1056,214.65,0.08727,0.331,95.997,14.31,924.48,35,0.803030303,4.05,C3,Low
485,1230,,11.85714286,830,182.925,0.083,0.357,83,12.195,487.92,29.6,0.538277512,6.5,C2,Low
486,1107,0.78,11.85714286,747,168.975,0.09222,0.289,82.998,11.265,413.02,21.6,0.447368421,5.6,C4,Low
487,24231,,28.28571429,39006,74.7,0.01005,0.273,197.985,4.98,10043.02,1065.4,10.33811802,11.35,C1,High
488,1353,,10.71428571,825,152.775,0.06818,0.27,74.998,10.185,445.12,22.3,0.446570973,5.35,C3,Low
489,123,,1.428571429,10,225,0.1,1,10,15,2140,1,0.007974482,0.05,C4,High
490,615,,18.28571429,640,171.9,0.256,0.759,128,11.46,34668,48.6,0.389952153,0.15,C3,High
491,984,,1.142857143,64,151.2,0.01,0.25,8,10.08,342.4,1.6,0.034290271,0.5,C4,Low
492,123,,1.428571429,10,225,0.1,1,10,15,2140,1,0.007974482,0.05,C2,High
493,4797,,0.142857143,39,225,0.00026,1,1.014,15,8346,3.9,0.031100478,0.05,C4,High
494,246,,7.428571429,104,157.95,0.26,0.144,52,10.53,535,1.5,0.058213716,0.3,C4,Low
495,246,,2.571428571,36,162.45,0.09,0.722,18,10.83,5564,2.6,0.020733652,0.05,C3,High
496,8364,,4.857142857,2312,118.35,,0.224,34,7.89,522.16,51.9,0.968899522,10.65,C1,High
497,1107,,0.857142857,54,133.425,0.00667,0.5,6.003,8.895,2889,2.7,0.025518341,0.1,C4,Low
498,1107,,13.28571429,837,199.8,0.10333,0.323,92.997,13.32,440.84,27,0.592503987,6.55,C4,Low
499,1230,,1.142857143,80,199.8,,0.575,8,13.32,1968.8,4.6,0.05661882,0.25,C4,Low
500,369,,2,42,198.225,0.04667,0.381,14.001,13.215,684.8,1.6,0.029505582,0.25,C2,Low
501,1230,0.68,5.285714286,370,159.3,0.037,0.354,37,10.62,684.8,13.1,0.208931419,2.05,C3,Low
502,20664,,19.28571429,22680,203.4,0.00804,0.82,135.072,13.56,13441.34,1859.1,16.35805423,14.8,C4,High
503,984,,11.71428571,656,224.325,,0.288,82,14.955,425.86,18.9,0.5215311,4.75,C4,Low
504,123,,1.571428571,11,225,,0.727,11,15,856,0.8,0.00877193,0.1,C1,High
505,1353,,1.142857143,88,222.525,0.00727,0.693,7.997,14.835,2176.38,6.1,0.06937799,0.3,C4,Low
506,1107,,0.571428571,36,168.75,0.00444,0.25,3.996,11.25,1926,0.9,0.0215311,0.05,C4,High
507,1107,,11.42857143,720,214.65,0.08889,0.338,80.001,14.31,436.56,24.3,0.54784689,5.95,C2,Low
508,861,0.32,6,294,192.825,,0.293,42,12.855,558.54,8.6,0.200956938,1.65,C3,Low
509,123,,9.857142857,69,225,0.69,0.667,69,15,894.52,4.6,0.055023923,0.55,C2,High
510,3567,,4.571428571,928,155.025,0.01103,0.432,31.987,10.335,1341.78,40.1,0.509569378,3.2,C3,High
511,123,,2,14,225,0.14,0.929,14,15,2782,1.3,0.011164274,0.05,C1,High
512,984,,0.142857143,8,225,0.00125,0.875,1,15,1498,0.7,0.006379585,0.05,C2,High
513,1353,,1.142857143,88,225,0.00727,0.602,7.997,15,873.12,5.3,0.070175439,0.65,C3,Low
514,984,,1.142857143,64,151.2,,0.234,8,10.08,321,1.5,0.034290271,0.5,C4,Low
515,123,,1.857142857,13,225,0.13,1,13,15,2782,1.3,0.010366826,0.05,C3,High
516,861,,1.571428571,77,111.15,0.01571,0.117,10.997,7.41,385.2,0.9,0.03030303,0.25,C2,High
517,984,,4,224,189.9,,0.259,28,12.66,413.02,5.8,0.150717703,1.5,C4,Low
518,2706,,3.142857143,484,106.425,0.01,0.107,22,7.095,383.06,5.2,0.18261563,1.45,C4,High
519,1599,,0.714285714,65,124.65,0.00385,0.323,5.005,8.31,1123.5,2.1,0.028708134,0.2,C4,High
520,1107,,7,441,223.875,0.05444,0.58,48.996,14.925,637.72,25.6,0.350079745,4.3,C1,Low
521,984,,5.857142857,328,211.95,0.05125,0.363,41,14.13,348.82,11.9,0.246411483,3.65,C1,Low
522,1476,,1.857142857,156,220.725,0.01083,0.391,12.996,14.715,502.9,6.1,0.122009569,1.3,C1,Low
523,246,,76.71428571,1074,139.725,2.685,0.52,537,9.315,5685.98,55.8,0.531897927,1.05,C1,High
524,1599,,12.14285714,1105,142.425,0.06538,0.327,84.994,9.495,590.64,36.1,0.558213716,6.55,C2,Low
525,1353,,12.28571429,946,157.725,0.07818,0.289,85.998,10.515,423.72,27.3,0.528708134,6.9,C2,Low
526,492,,1,28,225,0.0175,0.286,7,15,428,0.8,0.022328549,0.2,C2,High
527,984,,6.285714286,352,211.05,0.055,0.426,44,14.07,697.64,15,0.263157895,2.3,C3,Low
528,1107,,11.42857143,720,205.65,0.08889,0.333,80.001,13.71,447.26,24,0.524720893,5.75,C4,Low
529,4182,,0.142857143,34,225,,1,0.986,15,7276,3.4,0.027113238,0.05,C1,High
530,123,,4,28,225,0.28,0.464,28,15,464.38,1.3,0.022328549,0.3,C1,High
531,615,,4.285714286,150,148.5,0.06,0.16,30,9.9,365.94,2.4,0.078947368,0.7,C1,Low
532,1353,,5,385,147.825,0.03182,0.382,35.002,9.855,1311.82,14.7,0.201754386,1.2,C4,Low
533,1107,,0.285714286,18,162.45,0.00222,0.611,1.998,10.83,2354,1.1,0.010366826,0.05,C1,High
534,1107,,6.285714286,396,212.4,0.04889,0.465,44.001,14.16,716.9,18.4,0.298245614,2.75,C4,Low
535,984,,4.428571429,248,177.75,,0.327,31,11.85,393.76,8.1,0.156299841,2.2,C1,Low
536,123,,4.857142857,34,225,0.34,0.471,34,15,228.98,1.6,0.027113238,0.75,C4,High
537,1353,,6.142857143,473,169.425,0.03909,0.336,42.999,11.295,586.36,15.9,0.283891547,2.9,C2,Low
538,123,,6.285714286,44,225,0.44,0.25,44,15,470.8,1.1,0.035087719,0.25,C1,High
539,1353,,12,924,184.5,0.07636,0.262,83.996,12.3,361.66,24.2,0.60446571,7.15,C1,Low
540,1107,,5.142857143,324,208.35,0.04,0.611,36,13.89,719.04,19.8,0.23923445,2.95,C1,Low
541,984,,0.428571429,24,150.075,0.00375,0.458,3,10.005,470.8,1.1,0.012759171,0.25,C4,Low
542,1230,,0.142857143,10,225,,1,1,15,2140,1,0.007974482,0.05,C4,High
543,1353,,13.85714286,1067,149.85,0.08818,0.297,96.998,9.99,513.6,31.7,0.566985646,6.6,C4,Low
544,246,,76.71428571,1074,168.075,2.685,0.621,537,11.205,3569.52,66.7,0.639553429,2,C2,High
545,1107,,3,189,192.825,0.02333,0.487,20.997,12.855,704.06,9.2,0.129186603,1.4,C1,Low
546,1722,0.48,43,4214,126.9,0.215,0.257,301,8.46,507.18,108.4,1.896331738,22.9,C4,Low
547,1476,,16.85714286,1416,172.575,0.09833,0.253,117.996,11.505,417.3,35.8,0.866028708,9.2,C3,Low
548,7749,,11.28571429,4977,77.625,0.01254,0.338,79.002,5.175,39970.92,168.1,1.370015949,0.45,C4,High
549,1599,,1.428571429,130,181.8,0.00769,0.3,9.997,12.12,1391,3.9,0.083732057,0.3,C1,Low
550,492,,2.285714286,64,211.05,0.04,0.391,16,14.07,357.38,2.5,0.04784689,0.75,C4,Low
551,1107,,1.714285714,108,220.725,0.01333,0.444,11.997,14.715,365.94,4.8,0.084529506,1.4,C3,Low
552,1230,,11.28571429,790,176.4,0.079,0.347,79,11.76,481.5,27.4,0.493620415,6.1,C3,Low
553,37638,,66.42857143,142290,27.675,0.0152,0.055,465.12,1.845,575.66,786.1,13.91706539,146.25,C4,High
554,492,,15.42857143,432,185.85,0.27,0.778,108,12.39,11984,33.6,0.284688995,0.3,C1,High
555,984,,4.571428571,256,202.05,0.04,0.402,32,13.47,387.34,10.3,0.183413078,2.85,C4,Low
556,1107,,5.142857143,324,211.05,0.04,0.531,36,14.07,603.48,17.2,0.242424242,3.05,C2,Low
557,1476,,0.142857143,12,225,0.00083,1,0.996,15,2568,1.2,0.009569378,0.05,C4,High
558,1353,,8.857142857,682,158.625,0.05636,0.218,61.996,10.575,346.68,14.9,0.383572568,4.6,C1,Low
559,861,,2.285714286,112,172.8,0.02286,0.42,16.002,11.52,457.96,4.7,0.068580542,1.1,C4,Low
560,10209,0.77,39.57142857,22991,82.125,0.03337,0.18,276.971,5.475,1468.04,413.8,6.688197767,30.15,C4,High
561,984,,8.428571429,472,198.225,0.07375,0.322,59,13.215,515.74,15.2,0.331738437,3.15,C2,Low
562,1353,,3,231,161.775,0.01909,0.468,20.999,10.785,1540.8,10.8,0.132376396,0.75,C1,Low
563,738,,3,126,99.9,0.035,0.198,21,6.66,357.38,2.5,0.044657097,0.75,C4,High
564,2337,,65,8645,21.375,0.23947,0.081,454.993,1.425,7164.72,70.3,0.654704944,1.05,C1,Low
565,1107,,17.57142857,1107,224.1,0.13667,0.39,123.003,14.94,603.48,43.2,0.879585327,7.65,C3,Low
566,1230,0.17,18,1260,193.95,0.126,0.425,126,12.93,573.52,53.6,0.866028708,10,C3,Low
567,1353,0.45,9.571428571,737,189.9,0.06091,0.331,67.001,12.66,487.92,24.4,0.496012759,5.35,C4,Low
568,1107,,1.714285714,108,225,0.01333,0.444,11.997,15,380.92,4.8,0.086124402,1.35,C4,Low
569,1107,,4.571428571,288,185.85,0.03556,0.292,32.004,12.39,327.42,8.4,0.189792663,2.75,C1,Low
570,1230,,2.857142857,200,200.25,0.02,0.435,20,13.35,620.6,8.7,0.141945774,1.5,C4,Low
571,1476,,1.571428571,132,225,0.00917,0.371,11.004,15,348.82,4.9,0.105263158,1.5,C1,Low
572,2583,,0.285714286,42,166.05,0.00095,0.738,1.995,11.07,6634,3.1,0.024720893,0.05,C2,High
573,98892,,1.571428571,8844,52.425,0.00014,0.191,11.256,3.495,3346.96,168.9,1.641148325,5.4,C2,High
574,984,,11.42857143,640,207.45,0.1,0.303,80,13.83,368.08,19.4,0.470494418,5.65,C1,Low
575,1230,,7,490,220.95,,0.59,49,14.73,665.54,28.9,0.383572568,4.65,C1,Low
576,1230,,1.714285714,120,131.175,0.012,0.208,12,8.745,357.38,2.5,0.055821372,0.75,C4,High
577,1476,,1.142857143,96,208.575,,0.51,8.004,13.905,1498,4.9,0.070972887,0.35,C1,Low
578,984,,3,168,190.125,0.02625,0.381,21,12.675,402.32,6.4,0.11323764,1.7,C3,Low
579,2829,,0.142857143,23,225,0.00043,1,0.989,15,4922,2.3,0.018341308,0.05,C3,High
580,861,,3.857142857,189,166.725,0.03857,0.238,26.999,11.115,601.34,4.5,0.111642743,0.8,C4,Low
581,738,,6.714285714,282,45.45,0.07833,0.202,46.998,3.03,12198,5.7,0.045454545,0.05,C4,High
582,738,,2.571428571,108,166.725,0.03,0.287,18,11.115,948.02,3.1,0.063795853,0.35,C4,Low
583,123,,20.71428571,145,225,,0.972,145,15,7543.5,14.1,0.115629984,0.2,C3,High
584,984,,10.71428571,600,214.875,0.09375,0.373,75,14.325,417.3,22.4,0.456937799,5.75,C4,Low
585,984,,2.857142857,160,211.05,0.025,0.525,20,14.07,749,8.4,0.119617225,1.2,C4,Low
586,984,,6.857142857,384,181.575,0.06,0.31,48,12.105,410.88,11.9,0.247208931,3.1,C2,Low
587,10578,,9.571428571,5762,210.375,0.00779,0.164,66.994,14.025,507.18,94.7,4.295055821,19.95,C1,High
588,861,,1.285714286,63,53.55,0.01286,0.143,9.002,3.57,1926,0.9,0.011961722,0.05,C1,High
589,123,,12.42857143,87,225,0.87,0.92,87,15,3424,8,0.06937799,0.25,C4,High
590,123,,11.28571429,79,225,0.79,0.608,79,15,1468.04,4.8,0.062998405,0.35,C1,High
591,861,,17.28571429,847,136.575,0.17286,0.276,121.002,9.105,383.06,23.4,0.409888357,6.55,C3,Low
592,1476,,14.57142857,1224,171.9,0.085,0.292,102,11.46,447.26,35.7,0.745614035,8.55,C1,Low
593,246,,7.142857143,100,114.75,0.25,0.46,50,7.65,3280.62,4.6,0.040669856,0.15,C4,High
594,1230,,9.142857143,640,217.35,0.064,0.514,64,14.49,607.76,32.9,0.492822967,5.8,C4,Low
595,123,,2,14,225,0.14,0.5,14,15,498.62,0.7,0.011164274,0.15,C4,High
596,123,,3.285714286,23,225,0.23,0.826,23,15,4066,1.9,0.018341308,0.05,C4,High
597,861,0.36,5,245,189.225,0.05,0.482,35,12.615,601.34,11.8,0.164274322,2.1,C1,Low
598,1230,,9.571428571,670,146.025,0.067,0.291,67,9.735,464.38,19.5,0.346889952,4.5,C1,Low
599,369,,18.85714286,396,125.55,0.44,0.505,132,8.37,4280,20,0.176236045,0.5,C3,High
600,3198,,0.142857143,26,225,0.00038,1,0.988,15,5564,2.6,0.020733652,0.05,C4,High
601,1107,0.39,3,189,171.45,0.02333,0.291,20.997,11.43,335.98,5.5,0.114832536,1.75,C4,Low
602,1353,,14.42857143,1111,191.7,0.09182,0.264,101.002,12.78,353.1,29.3,0.755183413,8.9,C4,Low
603,1353,,14.57142857,1122,172.8,0.09273,0.223,102.003,11.52,327.42,25,0.687400319,8.15,C3,Low
604,738,0.51,2.428571429,102,141.075,0.02833,0.137,16.998,9.405,599.2,1.4,0.051036683,0.25,C3,High
605,1476,,14,1176,140.4,0.08167,0.245,98.004,9.36,477.22,28.8,0.585326954,6.45,C1,Low
606,123,,1.857142857,13,225,0.13,0.692,13,15,963,0.9,0.010366826,0.1,C4,High
607,3444,,4.571428571,896,167.175,0.01143,0.488,32.004,11.145,1508.7,43.7,0.531100478,3.1,C3,High
608,123,,6.428571429,45,225,0.45,0.756,45,15,1213.38,3.4,0.035885167,0.3,C3,High
609,3444,0.87,47.14285714,9240,14.85,0.11786,0.057,330.008,0.99,6634,52.7,0.489633174,0.85,C1,High
610,123,,2.285714286,16,225,,1,16,15,3424,1.6,0.012759171,0.05,C2,High
611,1230,,6.142857143,430,211.5,0.043,0.458,43,14.1,766.12,19.7,0.322169059,2.75,C4,Low
612,984,,6.428571429,360,201.825,0.05625,0.367,45,13.455,522.16,13.2,0.257575758,2.7,C1,Low
613,1107,,6.714285714,423,168.075,,0.274,46.998,11.205,517.88,11.6,0.25199362,2.4,C4,Low
614,1230,,1.142857143,80,225,0.008,0.5,8,15,1070,4,0.063795853,0.4,C4,Low
615,615,,15.71428571,550,125.1,0.22,0.547,110,8.34,21470.62,30.1,0.244019139,0.15,C4,High
616,1476,,1,84,131.175,0.00583,0.214,6.996,8.745,770.4,1.8,0.03907496,0.25,C4,Low
617,1476,0.12,6.142857143,516,177.525,,0.328,42.996,11.835,547.84,16.9,0.324561404,3.3,C4,Low
618,1230,,18.57142857,1300,184.95,0.13,0.453,130,12.33,594.92,58.9,0.852472089,10.6,C4,Low
619,123,,1.714285714,12,225,0.12,0.75,12,15,1926,0.9,0.009569378,0.05,C4,High
620,123,,2.571428571,18,225,0.18,0.944,18,15,3638,1.7,0.014354067,0.05,C2,High
621,984,,0.142857143,8,225,0.00125,0.875,1,15,1498,0.7,0.006379585,0.05,C3,High
622,246,,76.42857143,1070,141.525,2.675,0.545,535,9.435,5198.06,58.3,0.536682616,1.2,C4,High
623,1107,,1.714285714,108,225,0.01333,0.38,11.997,15,312.44,4.1,0.086124402,1.4,C4,Low
624,615,,14.14285714,495,198.225,0.198,0.356,99,13.215,321,17.6,0.3476874,5.85,C4,Low
625,492,0.26,2.428571429,68,125.775,0.0425,0.309,17,8.385,749,2.1,0.03030303,0.3,C3,Low
626,1107,,6,378,209.475,0.04667,0.344,42.003,13.965,455.82,13,0.280701754,3.05,C1,Low
627,1107,,17.14285714,1080,193.275,0.13333,0.331,119.997,12.885,423.72,35.8,0.740031898,9.05,C2,Low
628,1476,,14.42857143,1212,178.2,0.08417,0.292,101.004,11.88,425.86,35.4,0.765550239,8.9,C2,Low
629,246,,0.857142857,12,225,,0.667,6,15,856,0.8,0.009569378,0.1,C4,High
630,1476,,10.28571429,864,175.5,0.06,0.228,72,11.7,383.06,19.7,0.537480064,5.5,C2,Low
631,1230,,13.85714286,970,185.625,0.097,0.425,97,12.375,579.94,41.2,0.637958533,7.6,C4,Low
632,1107,,17.28571429,1089,189.675,,0.399,120.996,12.645,513.6,43.4,0.732057416,9.05,C4,Low
633,369,,78.57142857,1650,84.375,,0.329,549.99,5.625,5810.1,54.3,0.493620415,1,C4,High
634,1107,,11.71428571,738,207.9,0.09111,0.408,81.999,13.86,511.46,30.1,0.543859649,6.3,C1,Low
635,123,,18.14285714,127,225,1.27,0.646,127,15,2925.38,8.2,0.101275917,0.3,C1,High
636,1230,,0.571428571,40,90,0.004,0.375,4,6,3210,1.5,0.012759171,0.05,C1,Low
637,1230,0.85,17.85714286,1250,193.95,0.125,0.456,125,12.93,624.88,57,0.859649123,9.75,C4,Low
638,1353,,1.142857143,88,225,0.00727,0.716,7.997,15,1686.32,6.3,0.070175439,0.4,C4,Low
639,1230,,13.71428571,960,199.35,0.096,0.418,96,13.29,532.86,40.1,0.678628389,8.05,C1,Low
640,123,,21,147,225,1.47,0.864,147,15,2471.7,12.7,0.11722488,0.55,C1,High
641,861,,5.714285714,280,169.65,0.05714,0.186,39.998,11.31,483.64,5.2,0.168261563,1.15,C1,Low
642,1599,,1.142857143,104,173.025,0.00615,0.154,7.995,11.535,228.98,1.6,0.063795853,0.75,C4,High
643,1476,,16.85714286,1416,163.35,0.09833,0.309,117.996,10.89,517.88,43.8,0.819776715,9.05,C1,Low
644,123,,7.285714286,51,225,0.51,0.471,51,15,513.6,2.4,0.040669856,0.5,C4,High
645,246,0.88,2.714285714,38,225,0.095,0.237,19,15,385.2,0.9,0.03030303,0.25,C4,Low
646,1107,,4.571428571,288,181.35,0.03556,0.354,32.004,12.09,363.8,10.2,0.185007974,3,C1,Low
647,1353,,0.142857143,11,225,0.00091,1,1.001,15,2354,1.1,0.00877193,0.05,C1,High
648,1107,,4.857142857,306,144.225,0.03778,0.288,34.002,9.615,449.4,8.8,0.156299841,2.1,C4,Low
649,6642,,51,19278,144.9,0.06611,0.324,356.994,9.66,1331.08,623.8,9.905901116,50.15,C3,High
650,492,0.06,0.285714286,8,196.875,0.005,0.875,2,13.125,1498,0.7,0.005582137,0.05,C1,High
651,246,,46.42857143,650,120.825,1.625,0.485,325,8.055,6128.96,31.5,0.27830941,0.55,C4,High
652,1230,,4.714285714,330,145.125,,0.394,33,9.675,695.5,13,0.169856459,2,C2,Low
653,1230,0.89,9,630,202.05,0.063,0.251,63,13.47,393.76,15.8,0.451355662,4.3,C2,Low
654,123,,10.71428571,75,225,0.75,0.813,75,15,1187.7,6.1,0.059808612,0.55,C4,High
655,1353,,6.142857143,473,174.15,0.03909,0.281,42.999,11.61,466.52,13.3,0.291866029,3.05,C4,Low
656,1107,,9,567,204.3,0.07,0.284,63,13.62,419.44,16.1,0.410685805,4.1,C4,Low
657,492,,1.142857143,32,119.475,0.02,0.344,8,7.965,1177,1.1,0.013556619,0.1,C2,High
658,2706,,10.28571429,1584,192.6,0.03273,0.52,72.006,12.84,2148.56,82.3,1.081339713,4.1,C3,Low
659,1353,0.9,1.285714286,99,140.85,0.00818,0.343,8.998,9.39,727.6,3.4,0.049441786,0.5,C2,Low
660,20664,0.01,20.71428571,24360,216.675,0.00863,0.798,144.984,14.445,2794.84,1943,18.70574163,74.4,C3,High
661,861,,17.28571429,847,151.875,0.17286,0.305,121.002,10.125,383.06,25.8,0.456140351,7.2,C4,Low
662,1107,,5.142857143,324,209.7,0.04,0.568,36,13.98,646.28,18.4,0.240829346,3.05,C1,Low
663,246,,76.71428571,1074,127.575,2.685,0.523,537,8.505,13362.16,56.2,0.485645933,0.45,C4,High
664,123,,12.28571429,86,225,0.86,0.93,86,15,8560,8,0.068580542,0.1,C1,High
665,861,,2,98,137.7,,0.184,14,9.18,3852,1.8,0.04784689,0.05,C3,Low
666,984,,12,672,217.35,0.105,0.269,84,14.49,383.06,18.1,0.51754386,5.05,C2,Low
667,1230,,12.14285714,850,151.875,0.085,0.324,85,10.125,481.5,27.5,0.457735247,6.1,C1,Low
668,123,,6.571428571,46,225,0.46,0.783,46,15,2568,3.6,0.036682616,0.15,C3,High
669,123,,5.571428571,39,225,0.39,0.308,39,15,365.94,1.2,0.031100478,0.35,C3,High
670,1107,,6,378,219.6,0.04667,0.429,42.003,14.64,588.5,16.2,0.294258373,2.95,C4,Low
671,615,0.27,1,35,199.35,0.014,0.429,7,13.29,535,1.5,0.024720893,0.3,C4,Low
672,123,,1.142857143,8,225,0.08,1,8,15,1712,0.8,0.006379585,0.05,C4,High
673,6027,,11.28571429,3871,40.275,0.01612,0.084,78.988,2.685,1575.04,32.4,0.553429027,2.2,C1,High
674,984,0.58,11.85714286,664,214.875,0.10375,0.294,83,14.325,464.38,19.5,0.505582137,4.5,C4,Low
675,984,,5.142857143,288,211.05,,0.615,36,14.07,689.08,17.7,0.215311005,2.75,C4,Low
676,1353,,14,1078,144.675,0.08909,0.317,97.999,9.645,599.2,34.2,0.552631579,6.1,C3,Low
677,123,,21.14285714,148,225,1.48,0.959,148,15,10128.62,14.2,0.118022329,0.15,C4,High
678,861,0.86,1.571428571,77,125.55,0.01571,0.143,10.997,8.37,335.98,1.1,0.034290271,0.35,C1,Low
679,861,,0.142857143,7,225,0.00143,1,1.001,15,1498,0.7,0.005582137,0.05,C4,High
680,492,,0.857142857,24,178.2,0.015,0.458,6,11.88,1177,1.1,0.015151515,0.1,C1,Low
681,1353,,12.28571429,946,181.8,0.07818,0.332,85.998,12.12,470.8,31.4,0.609250399,7.15,C1,Low
682,861,,4.428571429,217,192.825,0.04429,0.295,31.003,12.855,350.96,6.4,0.148325359,1.95,C1,Low
683,1107,,10.71428571,675,205.65,0.08333,0.396,74.997,13.71,472.94,26.7,0.492025518,6.05,C4,Low
684,1722,,6.285714286,616,172.35,0.03143,0.398,44.002,11.49,535,24.5,0.376395534,4.9,C4,Low
685,18819,,22.57142857,24174,144.225,0.01033,0.587,158.049,9.615,10047.3,1418,12.35326954,15.1,C2,High
686,1353,,6,462,186.525,0.03818,0.335,41.998,12.435,481.5,15.5,0.305422648,3.45,C1,Low
687,738,,2.428571429,102,154.35,0.02833,0.314,16.998,10.29,490.06,3.2,0.055821372,0.7,C3,Low
688,1107,,11.71428571,738,210.6,0.09111,0.428,81.999,14.04,509.32,31.6,0.551036683,6.65,C4,Low
689,1230,,5.428571429,380,199.575,,0.387,38,13.305,532.86,14.7,0.268740032,2.95,C4,Low
690,861,,0.857142857,42,123.3,0.00857,0.5,5.999,8.22,4494,2.1,0.018341308,0.05,C2,Low
691,1107,,10.71428571,675,210.6,0.08333,0.369,74.997,14.04,447.26,24.9,0.503987241,5.95,C4,Low
692,1353,,13.14285714,1012,191.475,0.08364,0.361,92.004,12.765,492.2,36.5,0.686602871,7.95,C4,Low
693,2706,,0.142857143,22,225,0.00045,1,0.99,15,4708,2.2,0.01754386,0.05,C2,High
694,1107,,5.142857143,324,213.3,0.04,0.577,36,14.22,646.28,18.7,0.244816587,3.1,C1,Low
695,1230,,5.428571429,380,211.275,0.038,0.424,38,14.085,594.92,16.1,0.284688995,2.9,C1,Low
696,1476,,1.142857143,96,225,0.00667,0.792,8.004,15,3252.8,7.6,0.076555024,0.25,C1,Low
697,1107,,1,63,135.675,0.00778,0.302,7.002,9.045,406.6,1.9,0.03030303,0.5,C2,Low
698,1107,0.77,6.714285714,423,170.325,0.05222,0.333,46.998,11.355,511.46,14.1,0.255183413,2.95,C4,Low
699,123,,6.857142857,48,225,0.48,0.875,48,15,2247,4.2,0.038277512,0.2,C4,High
700,4182,,3.571428571,850,120.15,0.00735,0.256,24.99,8.01,440.84,21.8,0.362041467,5.3,C1,High
701,984,,0.285714286,16,126.675,0.0025,0.563,2,8.445,1926,0.9,0.007177033,0.05,C1,Low
702,123,,2.142857143,15,225,,0.533,15,15,428,0.8,0.011961722,0.2,C4,High
703,1230,,9.142857143,640,205.65,0.064,0.477,64,13.71,599.2,30.5,0.466507177,5.45,C1,Low
704,1230,0.68,3.428571429,240,184.725,0.024,0.267,24,12.315,440.84,6.4,0.157097289,1.55,C1,Low
705,1107,0.7,14.14285714,891,203.85,0.11,0.461,99,13.59,567.1,41.1,0.64354067,7.75,C4,Low
706,861,,2.142857143,105,66.375,0.02143,0.114,15.001,4.425,513.6,1.2,0.024720893,0.25,C1,High
707,123,,7.857142857,55,225,0.55,0.564,55,15,2210.62,3.1,0.043859649,0.15,C4,High
708,984,,7.571428571,424,200.025,0.06625,0.337,53,13.335,350.96,14.3,0.300637959,4.35,C1,Low
709,1230,,5,350,186.525,0.035,0.38,35,12.435,432.28,13.3,0.231259968,3.3,C4,Low
710,984,,6.571428571,368,184.05,0.0575,0.318,46,12.27,447.26,11.7,0.240031898,2.8,C3,Low
711,984,,33,1848,198.45,0.28875,0.872,231,13.23,38306,161.1,1.29984051,0.45,C3,High
712,1107,,14.14285714,891,213.975,0.11,0.484,99,14.265,539.28,43.1,0.675438596,8.55,C1,Low
713,1230,0.58,2.714285714,190,188.325,0.019,0.363,19,12.555,526.44,6.9,0.126794258,1.4,C4,Low
714,861,,17.28571429,847,145.35,0.17286,0.272,121.002,9.69,329.56,23,0.436204147,7.45,C4,Low
715,123,0.4,2.428571429,17,225,0.17,0.882,17,15,1605,1.5,0.013556619,0.1,C4,High
716,1107,,4.857142857,306,199.35,0.03778,0.32,34.002,13.29,333.84,9.8,0.216108453,3.15,C4,Low
717,123,,4.142857143,29,225,0.29,0.586,29,15,455.82,1.7,0.023125997,0.4,C2,High
718,984,0.76,0.428571429,24,93.825,0.00375,0.417,3,6.255,2140,1,0.007974482,0.05,C1,Low
719,1230,,9.571428571,670,167.625,0.067,0.3,67,11.175,457.96,20.1,0.397926635,4.7,C3,Low
720,246,,16,224,113.4,0.56,0.496,112,7.56,11877,11.1,0.090111643,0.1,C4,High
721,1107,0.08,6.142857143,387,202.275,,0.455,43.002,13.485,637.72,17.6,0.277511962,2.95,C1,Low
722,246,0.97,17.57142857,246,113.4,0.615,0.5,123,7.56,26322,12.3,0.098883573,0.05,C4,High
723,1107,,10.71428571,675,136.35,0.08333,0.256,74.997,9.09,468.66,17.3,0.3261563,3.95,C2,Low
724,1107,,18.57142857,1170,208.125,0.14444,0.513,129.996,13.875,612.04,60,0.862838915,10.5,C4,Low
725,123,,2.857142857,20,225,0.2,0.85,20,15,1819,1.7,0.015948963,0.1,C4,High
726,1107,,5.571428571,351,207.675,0.04333,0.444,38.997,13.845,586.36,15.6,0.258373206,2.85,C1,Low
727,1476,,6.142857143,516,178.425,,0.31,42.996,11.895,496.48,16,0.3261563,3.45,C1,Low
728,1476,1,1.142857143,96,225,,0.198,8.004,15,451.54,1.9,0.076555024,0.45,C3,Low
729,1353,,12.14285714,935,202.95,0.07727,0.268,84.997,13.53,370.22,25.1,0.672248804,7.25,C3,Low
730,1353,0.79,14.57142857,1122,186.525,,0.289,102.003,12.435,400.18,32.4,0.741626794,8.65,C1,Low
731,984,,2.428571429,136,152.1,0.02125,0.309,17,10.14,498.62,4.2,0.073365231,0.9,C3,Low
732,1476,,2,168,215.55,,0.357,14.004,14.37,494.34,6,0.128389155,1.3,C3,Low
733,492,,6.714285714,188,166.275,0.1175,0.298,47,11.085,498.62,5.6,0.110845295,1.2,C1,Low
734,984,0.27,11.71428571,656,213.975,,0.398,82,14.265,537.14,26.1,0.497607656,5.2,C4,Low
735,123,,1.285714286,9,225,0.09,0.889,9,15,1712,0.8,0.007177033,0.05,C4,High
736,984,,10.14285714,568,203.175,0.08875,0.407,71,13.545,440.84,23.1,0.409090909,5.6,C4,Low
737,1107,,14,882,219.15,,0.491,98.001,14.61,594.92,43.3,0.685007974,7.8,C1,Low
738,123,,14.85714286,104,225,1.04,0.971,104,15,10807,10.1,0.082934609,0.1,C1,High
739,1230,0.14,18,1260,187.425,0.126,0.41,126,12.495,562.82,51.6,0.836523126,9.8,C2,Low
740,1107,,17.42857143,1098,186.525,,0.333,122.004,12.435,543.56,36.6,0.725677831,7.2,C1,Low
741,1107,,4.857142857,306,190.35,0.03778,0.366,34.002,12.69,509.32,11.2,0.206539075,2.35,C4,Low
742,6642,,0.142857143,54,225,0.00019,1,1.026,15,11556,5.4,0.043062201,0.05,C2,High
743,615,0.42,6.571428571,230,187.875,0.092,0.278,46,12.525,472.94,6.4,0.153110048,1.45,C1,Low
744,1599,,9.285714286,845,152.325,0.05,0.302,65,10.155,552.12,25.5,0.456140351,4.95,C4,Low
745,16728,0.19,0.142857143,136,225,0.00007,0.993,0.952,15,28890,13.5,0.108452951,0.05,C3,High
746,1107,,12.28571429,774,145.575,0.09556,0.301,86.004,9.705,475.08,23.3,0.399521531,5.25,C4,Low
747,1353,,1.285714286,99,154.575,0.00818,0.465,8.998,10.305,1230.5,4.6,0.054226475,0.4,C3,Low
748,1476,,8.857142857,744,148.5,0.05167,0.234,62.004,9.9,338.12,17.4,0.391547049,5.5,C1,Low
749,984,,2.857142857,160,225,0.025,0.5,20,15,590.64,8,0.127591707,1.45,C4,Low
750,861,,15.28571429,749,147.15,0.15286,0.27,107.002,9.81,342.4,20.2,0.390749601,6.3,C2,Low
751,246,,7,98,114.75,0.245,0.51,49,7.65,10700,5,0.039872408,0.05,C3,High
752,1476,,16.85714286,1416,165.15,0.09833,0.266,117.996,11.01,425.86,37.7,0.828548644,9.45,C4,Low
753,1107,,5.857142857,369,199.35,0.04556,0.301,41.004,13.29,408.74,11.1,0.26076555,2.9,C4,Low
754,1107,,11.85714286,747,191.025,0.09222,0.284,82.998,12.735,408.74,21.2,0.505582137,5.55,C1,Low
755,123,,7.428571429,52,225,0.52,0.788,52,15,2193.5,4.1,0.041467305,0.2,C1,High
756,246,,76.71428571,1074,147.375,2.685,0.594,537,9.825,4551.78,63.8,0.560606061,1.5,C4,High
757,1599,,69.57142857,6331,141.75,0.37462,0.247,487.006,9.45,449.4,156.4,3.180223285,37.25,C3,Low
758,984,,13.57142857,760,210.825,0.11875,0.303,95,14.055,378.78,23,0.567783094,6.5,C1,Low
759,984,,6.142857143,344,214.425,0.05375,0.494,43,14.295,727.6,17,0.261562998,2.5,C4,Low
760,1230,,12,840,191.025,0.084,0.356,84,12.735,528.58,29.9,0.568580542,6.05,C4,Low
761,861,,2.285714286,112,144.675,0.02286,0.321,16.002,9.645,549.98,3.6,0.057416268,0.7,C4,Low
762,1107,,6.428571429,405,207.675,0.05,0.319,45,13.845,451.54,12.9,0.298245614,3.05,C2,Low
763,1353,,16.85714286,1298,179.325,0.10727,0.348,117.997,11.955,579.94,45.2,0.825358852,8.35,C1,Low
764,738,,1.857142857,78,101.025,0.02167,0.103,13.002,6.735,856,0.8,0.027910686,0.1,C1,High
765,10332,,0.142857143,84,225,0.00012,1,1.008,15,17976,8.4,0.066985646,0.05,C4,High
766,492,,27.71428571,776,61.425,,0.263,194,4.095,7276,20.4,0.169059011,0.3,C2,High
767,1476,,39.71428571,3336,32.4,0.23167,0.11,278.004,2.16,3404.74,36.6,0.381977671,1.15,C4,High
768,123,0.89,19.71428571,138,225,,1,138,15,29532,13.8,0.110047847,0.05,C1,High
769,1599,,0.142857143,13,225,0.00077,1,1.001,15,2782,1.3,0.010366826,0.05,C2,High
770,123,,3.714285714,26,225,0.26,1,26,15,5564,2.6,0.020733652,0.05,C1,High
771,5781,,0.142857143,47,225,0.00021,1,0.987,15,10058,4.7,0.037480064,0.05,C2,High
772,123,,5.857142857,41,225,0.41,0.927,41,15,2711.38,3.8,0.032695375,0.15,C4,High
773,1107,,2.857142857,180,196.2,0.02222,0.339,19.998,13.08,502.9,6.1,0.125199362,1.3,C4,Low
774,1353,,3,231,153,0.01909,0.411,20.999,10.2,847.44,9.5,0.125199362,1.2,C4,Low
775,984,,6.428571429,360,163.125,0.05625,0.156,45,10.875,400.18,5.6,0.208133971,1.5,C4,Low
776,1230,0.37,1.571428571,110,225,0.011,0.382,11,15,321,4.2,0.087719298,1.4,C4,Low
777,1107,,3.285714286,207,225,0.02556,0.304,23.004,15,346.68,6.3,0.16507177,1.95,C2,Low
778,1968,0.72,0.142857143,16,225,0.00063,1,1.008,15,3424,1.6,0.012759171,0.05,C4,High
779,3075,,10.14285714,1775,168.3,0.0284,0.234,71,11.22,475.08,41.6,1.059011164,9.35,C4,Low
780,1107,,4.571428571,288,133.65,0.03556,0.271,32.004,8.91,477.22,7.8,0.136363636,1.75,C1,Low
781,14391,,0.142857143,117,225,0.00009,1,1.053,15,25038,11.7,0.093301435,0.05,C1,High
782,1107,,3,189,215.55,0.02333,0.529,20.997,14.37,712.62,10,0.144338118,1.5,C2,Low
783,492,,1.571428571,44,209.7,0.0275,0.159,11,13.98,374.5,0.7,0.032695375,0.2,C1,High
784,1107,,12,756,177.975,0.09333,0.288,83.997,11.865,391.62,21.8,0.476874003,5.95,C4,Low
785,1107,,0.714285714,45,200.025,0.00556,0.711,5.004,13.335,2283.38,3.2,0.031897927,0.15,C4,Low
786,1353,0.63,11.85714286,913,202.5,0.07545,0.274,82.995,13.5,365.94,25,0.655502392,7.3,C3,Low
787,123,,3.285714286,23,225,0.23,0.348,23,15,342.4,0.8,0.018341308,0.25,C4,High
788,1107,,5.857142857,369,216.45,0.04556,0.425,41.004,14.43,579.94,15.7,0.283094099,2.9,C3,Low
789,1107,,13.14285714,828,189.675,0.10222,0.292,91.998,12.645,438.7,24.2,0.55661882,5.9,C4,Low
790,1107,,11.85714286,747,168.975,0.09222,0.293,82.998,11.265,487.92,21.9,0.447368421,4.8,C2,Low
791,1107,,11.71428571,738,195.975,0.09111,0.329,81.999,13.065,451.54,24.3,0.512759171,5.75,C3,Low
792,123,,4.142857143,29,225,0.29,0.931,29,15,2889,2.7,0.023125997,0.1,C3,High
793,861,,6.714285714,329,65.025,0.06714,0.158,46.998,4.335,1236.92,5.2,0.075757576,0.45,C1,High
794,246,,76.85714286,1076,153.9,,0.519,538,10.26,7464.32,55.8,0.58692185,0.8,C1,High
795,123,,13.57142857,95,225,0.95,1,95,15,20330,9.5,0.075757576,0.05,C1,High
796,1107,,11.71428571,738,183.825,0.09111,0.337,81.999,12.255,430.14,24.9,0.480861244,6.2,C4,Low
797,1230,,2.571428571,180,196.2,0.018,0.511,18,13.08,635.58,9.2,0.125199362,1.55,C4,Low
798,984,,17.42857143,976,146.25,0.1525,0.227,122,9.75,308.16,22.2,0.505582137,7.7,C2,Low
799,1107,,14.42857143,909,193.725,0.11222,0.442,100.998,12.915,573.52,40.2,0.624401914,7.5,C1,Low
800,1476,0.8,11.85714286,996,183.15,0.06917,0.301,83.004,12.21,425.86,30,0.646730463,7.55,C4,Low
801,6642,,51,19278,147.375,0.06611,0.299,356.994,9.825,1369.6,576.6,10.06858054,45.05,C4,High
802,984,,2.571428571,144,225,,0.472,18,15,539.28,6.8,0.114832536,1.35,C1,Low
803,123,,13.42857143,94,225,,0.564,94,15,708.34,5.3,0.074960128,0.8,C4,High
804,3936,,15.14285714,3392,88.875,0.03313,0.198,106.016,5.925,975.84,67.1,1.06937799,7.35,C1,High
805,246,,76.42857143,1070,207,2.675,0.648,535,13.8,2514.5,69.3,0.784688995,2.95,C1,High
806,738,,24.57142857,1032,204.075,0.28667,0.294,172.002,13.605,370.22,30.3,0.746411483,8.75,C1,Low
807,492,,0.857142857,24,112.5,0.015,0.417,6,7.5,2140,1,0.009569378,0.05,C4,Low
808,615,,3.285714286,115,225,0.046,0.226,23,15,348.82,2.6,0.091706539,0.8,C4,Low
809,1107,,1.714285714,108,198,0.01333,0.407,11.997,13.2,361.66,4.4,0.075757576,1.3,C1,Low
810,19680,,40.85714286,45760,50.85,0.01788,0.201,286.08,3.39,11859.88,919.9,8.251196172,8.3,C4,High
811,4551,,2.857142857,740,43.425,,0.131,20.017,2.895,903.08,9.7,0.114035088,1.15,C1,High
812,123,,1.857142857,13,225,0.13,1,13,15,2782,1.3,0.010366826,0.05,C3,High
813,1230,,7.285714286,510,192.375,0.051,0.306,51,12.825,490.06,15.6,0.3476874,3.4,C4,Low
814,861,,6.571428571,322,216.675,0.06571,0.304,45.997,14.445,552.12,9.8,0.247208931,1.9,C2,Low
815,1107,,5.571428571,351,210.825,0.04333,0.293,38.997,14.055,440.84,10.3,0.262360447,2.5,C2,Low
816,1107,0.34,0.142857143,9,225,0.00111,1,0.999,15,1926,0.9,0.007177033,0.05,C4,High
817,1107,,11.57142857,729,185.85,0.09,0.287,81,12.39,475.08,20.9,0.480063796,4.7,C4,Low
818,861,,8.285714286,406,168.975,0.08286,0.202,58.002,11.265,500.76,8.2,0.243221691,1.75,C4,Low
819,861,,5,245,202.95,0.05,0.494,35,13.53,549.98,12.1,0.176236045,2.35,C3,Low
820,2829,,6.714285714,1081,168.075,0.02043,0.315,46.989,11.205,470.8,34.1,0.644338118,7.75,C1,Low
821,861,,0.857142857,42,171.45,0.00857,0.333,5.999,11.43,999.38,1.4,0.025518341,0.15,C4,Low
822,123,,8.857142857,62,225,0.62,0.984,62,15,13054,6.1,0.049441786,0.05,C4,High
823,1230,,14.42857143,1010,200.925,0.101,0.466,101,13.395,646.28,47.1,0.719298246,7.8,C4,Low
824,1230,,14.14285714,990,205.2,0.099,0.443,99,13.68,564.96,43.9,0.720095694,8.3,C4,Low
825,1107,,1.857142857,117,169.2,0.01444,0.103,12.996,11.28,856,1.2,0.070175439,0.15,C3,High
826,5412,,0.428571429,132,189.225,0.00068,0.598,2.992,12.615,528.58,7.9,0.088516746,1.6,C1,High
827,1722,,2.571428571,252,136.575,0.01286,0.159,18.004,9.105,712.62,4,0.122009569,0.6,C3,Low
828,20049,,23,26243,201.825,0.00988,0.523,161.044,13.455,1797.6,1372.5,18.77751196,81.7,C1,High
829,123,,2.571428571,18,225,0.18,0.5,18,15,642,0.9,0.014354067,0.15,C4,High
830,123,,2.714285714,19,225,0.19,0.789,19,15,802.5,1.5,0.015151515,0.2,C4,High
831,1353,,12.28571429,946,191.925,0.07818,0.413,85.998,12.795,663.4,39.1,0.64354067,6.3,C1,Low
832,123,,10.14285714,71,225,0.71,0.521,71,15,494.34,3.7,0.05661882,0.8,C1,High
833,123,,14.57142857,102,225,1.02,0.961,102,15,5243,9.8,0.081339713,0.2,C3,High
834,984,,6,336,220.275,0.0525,0.423,42,14.685,507.18,14.2,0.262360447,3,C1,Low
835,738,,1,42,123.3,0.01167,0.357,7.002,8.22,1605,1.5,0.018341308,0.1,C4,Low
836,8241,,4.285714286,2010,103.5,0.00448,0.169,30.016,6.9,483.64,33.9,0.736842105,7.5,C2,High
837,1107,,5.857142857,369,219.6,,0.444,41.004,14.64,616.32,16.4,0.28708134,2.85,C2,Low
838,2091,,11,1309,171,0.04529,0.314,76.993,11.4,629.16,41.1,0.793460925,7,C4,Low
839,984,,3,168,174.15,0.02625,0.363,21,11.61,361.66,6.1,0.103668262,1.8,C1,Low
840,246,0.81,29.14285714,408,153.225,1.02,0.412,204,10.215,2247,16.8,0.22169059,0.8,C2,High
841,984,,4.714285714,264,218.925,0.04125,0.39,33,14.595,368.08,10.3,0.204944179,3,C1,Low
842,1107,,6.142857143,387,215.775,0.04778,0.509,43.002,14.385,766.12,19.7,0.29585327,2.75,C4,Low
843,984,,2,112,148.725,0.0175,0.223,14,9.915,763.98,2.5,0.059011164,0.35,C4,Low
844,4428,,13.71428571,3456,46.575,0.02667,0.096,96.012,3.105,1647.8,33.1,0.571770335,2.15,C2,High
845,861,,1.285714286,63,110.7,,0.333,9.002,7.38,4494,2.1,0.024720893,0.05,C2,Low
846,123,,4.857142857,34,225,0.34,0.353,34,15,365.94,1.2,0.027113238,0.35,C3,High
847,1107,,7.571428571,477,181.125,0.05889,0.317,53.001,12.075,355.24,15.1,0.306220096,4.55,C4,Low
848,1353,,12.28571429,946,171.9,0.07818,0.283,85.998,11.46,408.74,26.8,0.576555024,7,C2,Low
849,1107,0.26,2,126,210.825,0.01556,0.127,14.004,14.055,380.92,1.6,0.094098884,0.45,C4,Low
850,123,,9,63,225,0.63,1,63,15,13482,6.3,0.050239234,0.05,C4,High
851,1107,,4.571428571,288,151.65,0.03556,0.302,32.004,10.11,464.38,8.7,0.154704944,2,C4,Low
852,246,0.4,4.571428571,64,119.475,0.16,0.516,32,7.965,7062,3.3,0.027113238,0.05,C4,High
853,123,,2.714285714,19,225,0.19,0.737,19,15,999.38,1.4,0.015151515,0.15,C3,High
854,3813,0.38,15,3255,93.825,0.03387,0.224,104.997,6.255,1144.9,72.8,1.082934609,6.8,C3,High
855,1968,,4.142857143,464,111.6,0.01813,0.144,29.008,7.44,552.12,6.7,0.183413078,1.3,C4,High
856,1599,0.65,3.571428571,325,153,0.01923,0.351,24.999,10.2,1284,11.4,0.176236045,0.95,C4,Low
857,1107,,0.142857143,9,225,0.00111,1,0.999,15,1926,0.9,0.007177033,0.05,C1,High
858,984,,6.857142857,384,205.65,0.06,0.302,48,13.71,376.64,11.6,0.279904306,3.3,C1,Low
859,123,,5.714285714,40,225,0.4,1,40,15,8560,4,0.031897927,0.05,C2,High
860,1722,,0.285714286,28,120.6,,0.536,2.002,8.04,3210,1.5,0.011961722,0.05,C2,High
861,1230,0.38,1.571428571,110,225,0.011,0.373,11,15,338.12,4.1,0.087719298,1.3,C2,Low
862,1476,,1.285714286,108,147.825,0.0075,0.509,9,9.855,1962.38,5.5,0.05661882,0.3,C2,Low
863,984,,2.428571429,136,180.225,0.02125,0.353,17,12.015,428,4.8,0.08692185,1.2,C1,Low
864,123,,19.42857143,136,225,1.36,0.963,136,15,7008.5,13.1,0.108452951,0.2,C1,High
865,15744,,49.57142857,44416,127.575,0.02711,0.399,347.008,8.505,2796.98,1772.1,20.0661882,67.8,C3,High
866,246,,1.571428571,22,214.875,0.055,0.409,11,14.325,1926,0.9,0.016746411,0.05,C3,Low
867,1230,,13.85714286,970,187.2,0.097,0.423,97,12.48,530.72,41,0.64354067,8.25,C1,Low
868,1476,,10.42857143,876,167.175,0.06083,0.259,72.996,11.145,449.4,22.7,0.519138756,5.4,C1,Low
869,1107,,4.571428571,288,175.725,0.03556,0.365,32.004,11.715,477.22,10.5,0.179425837,2.35,C3,Low
870,1599,,3.571428571,325,64.35,0.01923,0.234,24.999,4.29,2324.04,7.6,0.074162679,0.35,C2,Low
871,738,0.8,0.857142857,36,93.825,0.01,0.194,6,6.255,749,0.7,0.011961722,0.1,C1,High
872,1107,,5.142857143,324,189,0.04,0.491,36,12.6,708.34,15.9,0.216905901,2.4,C3,Low
873,1107,,1.714285714,108,225,0.01333,0.454,11.997,15,361.66,4.9,0.086124402,1.45,C1,Low
874,123,0.79,5.857142857,41,225,0.41,0.78,41,15,977.98,3.2,0.032695375,0.35,C4,High
875,4674,,0.142857143,38,225,0.00026,1,0.988,15,8132,3.8,0.03030303,0.05,C3,High
876,492,,2.571428571,72,118.8,0.045,0.25,18,7.92,549.98,1.8,0.03030303,0.35,C1,Low
877,1230,,14.42857143,1010,195.525,0.101,0.45,101,13.035,631.3,45.5,0.70015949,7.7,C4,Low
878,369,,40.85714286,858,96.075,0.95333,0.406,285.999,6.405,18618,34.8,0.291866029,0.2,C1,High
879,1107,,5.142857143,324,204.75,0.04,0.506,36,13.65,627.02,16.4,0.235247209,2.8,C1,Low
880,2091,,48.85714286,5814,224.1,0.20118,0.916,342.006,14.94,6477.78,532.8,4.61722488,8.8,C4,High
881,1107,,7,441,216.225,,0.587,48.996,14.415,667.68,25.9,0.338118022,4.15,C2,Low
882,1107,,0.857142857,54,116.775,0.00667,0.407,6.003,7.785,1177,2.2,0.022328549,0.2,C4,High
883,1353,,16.57142857,1276,180.9,0.10545,0.274,115.995,12.06,385.2,35,0.818181818,9.7,C4,Low
884,1107,,12.28571429,774,170.325,0.09556,0.337,86.004,11.355,468.66,26.1,0.467304625,5.95,C2,Low
885,1107,,6.571428571,414,196.2,,0.338,45.999,13.08,357.38,14,0.287878788,4.2,C2,Low
886,1107,,11.71428571,738,210.375,0.09111,0.385,81.999,14.025,490.06,28.4,0.550239234,6.2,C1,Low
887,123,,41.14285714,288,225,2.88,0.424,288,15,218.28,12.2,0.229665072,6,C4,High
888,615,,0.285714286,10,225,0.004,0.8,2,15,1712,0.8,0.007974482,0.05,C4,Low
889,1107,,3.285714286,207,225,0.02556,0.3,23.004,15,323.14,6.2,0.16507177,2.05,C1,Low
890,1107,,5.142857143,324,208.35,0.04,0.552,36,13.89,751.14,17.9,0.23923445,2.55,C1,Low
891,1353,,13.42857143,1034,135.9,0.08545,0.257,93.995,9.06,466.52,26.6,0.498405104,6.1,C1,Low
892,1107,,5.142857143,324,205.65,0.04,0.549,36,13.71,706.2,17.8,0.236044657,2.7,C4,Low
893,1107,,9.285714286,585,202.725,0.07222,0.463,64.998,13.515,569.24,27.1,0.420255183,5.1,C3,Low
894,1107,,19,1197,161.55,0.14778,0.236,133.002,10.77,404.46,28.3,0.685007974,7.5,C2,Low
895,1107,,6.428571429,405,211.05,0.05,0.425,45,14.07,592.78,17.2,0.303030303,3.1,C3,Low
896,246,,25.14285714,352,136.125,0.88,0.528,176,9.075,6634,18.6,0.169856459,0.3,C4,High
897,2706,,3.714285714,572,206.55,0.01182,0.283,26.004,13.77,413.02,16.2,0.418660287,4.2,C1,Low
898,123,,5,35,225,0.35,0.829,35,15,2069.38,2.9,0.027910686,0.15,C4,High
899,123,,4,28,225,0.28,0.536,28,15,642,1.5,0.022328549,0.25,C4,High
900,1107,,6.142857143,387,213.3,0.04778,0.47,43.002,14.22,708.34,18.2,0.292663477,2.75,C1,Low
901,1107,,24.85714286,1566,165.825,,0.178,173.997,11.055,365.94,27.9,0.920255183,8.15,C4,Low
902,1107,,6.285714286,396,197.775,0.04889,0.449,44.001,13.185,635.58,17.8,0.277511962,3,C2,Low
903,1107,,15.57142857,981,190.8,0.12111,0.243,108.999,12.72,338.12,23.8,0.663476874,7.55,C3,Low
904,615,,0.285714286,10,157.5,0.004,0.7,2,10.5,1498,0.7,0.005582137,0.05,C2,High
905,1107,0.69,9.428571429,594,181.125,,0.323,65.997,12.075,428,19.2,0.381180223,4.8,C1,Low
906,615,,1,35,205.65,0.014,0.486,7,13.71,1819,1.7,0.025518341,0.1,C4,Low
907,123,,3.142857143,22,225,0.22,0.5,22,15,391.62,1.1,0.01754386,0.3,C1,High
908,1107,,3,189,175.05,,0.317,20.997,11.67,558.54,6,0.11722488,1.15,C4,Low
909,246,,76.71428571,1074,118.8,2.685,0.507,537,7.92,38804.62,54.4,0.45215311,0.15,C4,High
910,7995,,7.142857143,3250,109.575,0.00769,0.454,49.985,7.305,52607.62,147.5,1.261562998,0.3,C4,High
911,1230,,13.42857143,940,162.225,0.094,0.25,94,10.815,363.8,23.5,0.540669856,6.9,C1,Low
912,1107,,0.857142857,54,170.775,0.00667,0.667,6.003,11.385,3852,3.6,0.032695375,0.1,C3,Low
913,984,,1.714285714,96,225,0.015,0.438,12,15,321,4.2,0.076555024,1.4,C1,Low
914,492,,16.42857143,460,109.575,0.2875,0.426,115,7.305,3813.48,19.6,0.178628389,0.55,C3,High
915,1230,,18,1260,198.675,0.126,0.456,126,13.245,609.9,57.5,0.887559809,10.1,C1,Low
916,1230,,1.857142857,130,154.125,0.013,0.108,13,10.275,498.62,1.4,0.070972887,0.3,C2,Low
917,123,,8.285714286,58,225,,0.845,58,15,2097.2,4.9,0.046251994,0.25,C1,High
918,1230,,14,980,193.725,0.098,0.376,98,12.915,449.4,36.8,0.673046252,8.75,C1,Low
919,1107,,11.42857143,720,195.3,0.08889,0.293,80.001,13.02,395.9,21.1,0.498405104,5.7,C3,Low
920,984,,7.571428571,424,220.725,0.06625,0.358,53,14.715,329.56,15.2,0.331738437,4.95,C3,Low
921,1107,,13,819,215.1,0.10111,0.302,90.999,14.34,423.72,24.7,0.624401914,6.25,C2,Low
922,1230,0.08,6.285714286,440,207,0.044,0.441,44,13.8,629.16,19.4,0.322966507,3.3,C4,Low
923,1107,,13.85714286,873,218.925,,0.466,97.002,14.595,517.88,40.7,0.677033493,8.4,C1,Low
924,1230,,14,980,175.725,0.098,0.3,98,11.715,368.08,29.4,0.610047847,8.55,C1,Low
925,1476,,6.285714286,528,172.575,0.03667,0.261,44.004,11.505,509.32,13.8,0.322966507,2.9,C1,Low
926,861,,0.285714286,14,209.025,0.00286,0.5,2.002,13.935,1498,0.7,0.010366826,0.05,C3,Low
927,1107,,3.428571429,216,204.075,0.02667,0.356,24.003,13.605,470.8,7.7,0.156299841,1.75,C4,Low
928,1353,,2.857142857,220,168.75,0.01818,0.168,19.998,11.25,719.04,3.7,0.131578947,0.55,C4,Low
929,984,,2.285714286,128,193.275,0.02,0.156,16,12.885,1070,2,0.087719298,0.2,C3,High
930,8487,,0.428571429,207,214.2,0.00043,0.643,2.967,14.28,445.12,13.3,0.157097289,3.2,C1,High
931,1107,,0.857142857,54,204.075,0.00667,0.37,6.003,13.605,535,2,0.03907496,0.4,C3,Low
932,1107,,5,315,150.075,0.03889,0.263,35.001,10.005,612.04,8.3,0.167464115,1.45,C3,Low
933,1107,,3,189,197.55,0.02333,0.354,20.997,13.17,573.52,6.7,0.132376396,1.25,C3,Low
934,1476,,5.714285714,480,164.925,0.03333,0.271,39.996,10.995,421.58,13,0.280701754,3.3,C2,Low
935,6396,,65.85714286,23972,55.8,0.08865,0.192,460.98,3.72,2465.28,460.7,4.735247209,20,C2,High
936,3444,,4.571428571,896,166.95,0.01143,0.481,32.004,11.13,1590.02,43.1,0.53030303,2.9,C4,High
937,1107,,13.85714286,873,207.225,0.10778,0.328,97.002,13.815,378.78,28.6,0.641148325,8.1,C1,Low
938,123,,28.42857143,199,225,1.99,0.945,199,15,8046.4,18.8,0.158692185,0.25,C1,High
939,1476,,16.71428571,1404,142.875,0.0975,0.251,117,9.525,398.04,35.3,0.710526316,9.5,C1,Low
940,861,,0.142857143,7,225,0.00143,1,1.001,15,1498,0.7,0.005582137,0.05,C4,High
941,1107,,7.857142857,495,225,0.06111,0.299,54.999,15,410.88,14.8,0.394736842,3.85,C1,Low
942,984,,3.714285714,208,213.075,0.0325,0.37,26,14.205,383.06,7.7,0.157097289,2.15,C1,Low
943,1107,,1.714285714,108,202.05,0.01333,0.407,11.997,13.47,348.82,4.4,0.077352472,1.35,C4,Low
944,10455,,9.857142857,5865,99.225,0.00812,0.165,69.02,6.615,308.16,96.9,2.063795853,33.7,C1,High
945,1230,,4.857142857,340,199.125,0.034,0.297,34,13.275,365.94,10.1,0.240031898,2.95,C1,Low
946,123,,14,98,225,0.98,0.939,98,15,6563.38,9.2,0.07814992,0.15,C1,High
947,26076,,66.28571429,98368,15.75,0.02189,0.052,464.068,1.05,2533.76,506.6,5.489633174,21.4,C4,High
948,861,,0.142857143,7,225,0.00143,1,1.001,15,1498,0.7,0.005582137,0.05,C4,High
949,1599,,4.714285714,429,120.15,0.02538,0.245,32.994,8.01,832.46,10.5,0.18261563,1.35,C4,Low
950,738,,4.142857143,174,196.65,0.04833,0.339,28.998,13.11,323.14,5.9,0.121212121,1.95,C4,Low
951,1968,,4.285714286,480,105.975,0.01875,0.133,30,7.065,490.06,6.4,0.180223285,1.4,C4,High
952,1107,,11.71428571,738,175.05,0.09111,0.309,81.999,11.67,413.02,22.8,0.457735247,5.9,C1,Low
953,123,,11.57142857,81,225,0.81,0.901,81,15,5206.62,7.3,0.064593301,0.15,C4,High
954,123,,22.71428571,159,225,1.59,0.975,159,15,16585,15.5,0.126794258,0.1,C1,High
955,984,0.87,10.71428571,600,199.8,0.09375,0.328,75,13.32,398.04,19.7,0.425039872,5.3,C4,Low
956,2583,,9.714285714,1428,24.525,0.03238,0.052,67.998,1.635,1217.66,7.4,0.124401914,0.65,C1,High
957,1476,,16.57142857,1392,159.075,0.09667,0.246,116.004,10.605,425.86,34.3,0.784688995,8.6,C4,Low
958,123,,1.142857143,8,225,0.08,1,8,15,1712,0.8,0.006379585,0.05,C2,High
959,246,,76.71428571,1074,124.875,2.685,0.538,537,8.325,17669.98,57.8,0.475279107,0.35,C4,High
960,1107,,1.857142857,117,103.95,0.01444,0.239,12.996,6.93,999.38,2.8,0.043062201,0.3,C3,Low
961,123,,1.142857143,8,225,0.08,0.875,8,15,1498,0.7,0.006379585,0.05,C1,High
962,1230,,3,210,135,0.021,0.324,21,9,727.6,6.8,0.100478469,1,C3,Low
963,1230,,18,1260,196.875,0.126,0.456,126,13.125,637.72,57.5,0.879585327,9.65,C3,Low
964,1476,,16.85714286,1416,157.5,0.09833,0.255,117.996,10.5,440.84,36.1,0.790271132,8.75,C4,Low
965,1476,,6,504,177.3,0.035,0.355,42,11.82,579.94,17.9,0.316586922,3.3,C3,Low
966,615,,1,35,135,,0.229,7,9,571.38,0.8,0.016746411,0.15,C4,High
967,984,,0.428571429,24,150.075,0.00375,0.5,3,10.005,642,1.2,0.012759171,0.2,C1,Low
968,1107,,3,189,182.25,0.02333,0.323,20.997,12.15,383.06,6.1,0.122009569,1.7,C4,Low
969,1107,,3.142857143,198,189.675,0.02444,0.389,21.996,12.645,413.02,7.7,0.133173844,2,C2,Low
970,1107,0.38,4.714285714,297,221.175,0.03667,0.458,33.003,14.745,468.66,13.6,0.232854864,3.1,C2,Low
971,984,,2.428571429,136,147.15,0.02125,0.294,17,9.81,475.08,4,0.070972887,0.9,C1,Low
972,1107,,14.28571429,900,190.575,0.11111,0.276,99.999,12.705,408.74,24.8,0.607655502,6.5,C4,Low
973,1353,,36,2772,21.375,0.22909,0.092,251.999,1.425,13642.5,25.5,0.208931419,0.2,C1,High
974,246,,2.857142857,40,191.25,0.1,0.775,20,12.75,6634,3.1,0.027113238,0.05,C1,High
975,984,,2.571428571,144,221.85,0.0225,0.479,18,14.79,462.24,6.9,0.11323764,1.6,C4,Low
976,369,0.41,1,21,139.275,0.02333,0.619,6.999,9.285,2782,1.3,0.010366826,0.05,C4,Low
977,1107,,18,1134,204.075,0.14,0.466,126,13.605,607.76,52.8,0.820574163,9.3,C4,Low
978,984,,11.71428571,656,189,0.1025,0.358,82,12.6,479.36,23.5,0.439393939,5.25,C1,Low
979,1107,,3,189,211.95,0.02333,0.519,20.997,14.13,699.78,9.8,0.141945774,1.5,C1,Low
980,2829,,16.85714286,2714,176.4,0.0513,0.293,117.99,11.76,440.84,79.5,1.697767145,19.25,C1,Low
981,1107,,0.714285714,45,209.925,0.00556,0.378,5.004,13.995,605.62,1.7,0.033492823,0.3,C4,Low
982,984,,2,112,144.675,0.0175,0.277,14,9.645,603.48,3.1,0.057416268,0.55,C1,Low
983,246,,4.428571429,62,116.1,0.155,0.194,31,7.74,428,1.2,0.025518341,0.3,C4,Low
984,492,,74.85714286,2096,135.675,1.31,0.542,524,9.045,8681.98,113.6,1.007974482,1.4,C1,High
985,1476,,3.714285714,312,186.75,0.02167,0.276,26.004,12.45,472.94,8.6,0.206539075,1.95,C1,Low
986,123,,54.14285714,379,225,3.79,0.963,379,15,13017.62,36.5,0.302232855,0.3,C3,High
987,1230,0.51,18.57142857,1300,192.6,0.13,0.486,130,12.84,680.52,63.2,0.887559809,9.95,C4,Low
988,5781,,40.85714286,13442,71.325,0.06085,0.183,285.995,4.755,999.38,245.9,3.39553429,26.3,C1,High
989,738,,1.714285714,72,115.65,0.02,0.139,12,7.71,306.02,1,0.029505582,0.35,C1,High
990,1230,,3,210,184.275,0.021,0.362,21,12.285,451.54,7.6,0.137161085,1.8,C1,Low
991,246,,2,28,120.6,0.07,0.464,14,8.04,2782,1.3,0.011961722,0.05,C4,High
992,1230,,17.57142857,1230,199.8,0.123,0.362,123,13.32,639.86,44.5,0.870813397,7.45,C2,Low
993,123,,2,14,225,0.14,0.857,14,15,2568,1.2,0.011164274,0.05,C4,High
994,1476,,3.714285714,312,204.075,,0.224,26.004,13.605,348.82,7,0.225677831,2.15,C1,Low
995,1107,,5.285714286,333,202.725,0.04111,0.538,36.999,13.515,599.2,17.9,0.23923445,3.2,C4,Low
996,615,,0.714285714,25,126,0.01,0.4,5,8.4,1070,1,0.011164274,0.1,C2,Low
997,1107,,11.71428571,738,207.9,0.09111,0.37,81.999,13.86,511.46,27.3,0.543859649,5.7,C1,Low
998,1476,,3.285714286,276,140.175,0.01917,0.417,23.004,9.345,1756.94,11.5,0.137161085,0.7,C3,Low
999,369,,16.14285714,339,85.05,0.37667,0.357,113.001,5.67,6473.5,12.1,0.102073365,0.2,C1,High
1000,1230,,0.142857143,10,225,,1,1,15,2140,1,0.007974482,0.05,C4,High
